idx,species_name
0,Acridotheres fuscus
1,Acrocephalus bistrigiceps
2,Aethopyga gouldiae
3,Alcippe cinerea
4,Arachnothera magna
5,Arborophila torqueola
6,Argya longirostris
7,Centropus andamanensis
8,Chelidorhynx hypoxanthus
9,Chloropsis
10,Chloropsis cochinchinensis
11,Chloropsis jerdoni
12,Chrysococcyx maculatus
13,Cuculus micropterus
14,Cyornis concretus
15,Cyornis magnirostris
16,Cyornis poliogenys
17,Cyornis unicolor
18,Cypsiurus balasiensis
19,Dicaeum chrysorrheum
20,Dicaeum cruentatum
21,Dicaeum minullum
22,Dicrurus andamanensis
23,Eurystomus orientalis
24,Glaucidium cuculoides
25,Halcyon coromanda
26,Iole cacharensis
27,Ixobrychus cinnamomeus
28,Lanius tephronotus
29,Liocichla phoenicea
30,Locustella davidi
31,Loriculus vernalis
32,Macronus gularis
33,Motacilla citreola
34,Mystery mystery
35,Paradoxornis guttaticollis
36,Pellorneum ruficeps
37,Phylloscopus forresti
38,Phylloscopus inornatus
39,Phylloscopus subaffinis
40,Pluvialis squatarola
41,Pnoepyga pusilla
42,Polyplectron bicalcaratum
43,Pomatorhinus ruficollis
44,Psilopogon lineatus
45,Psittacula eupatria
46,Rimator malacoptilus
47,Riparia chinensis
48,Spelaeornis oatesi
49,Sphenocichla humei
50,Stachyridopsis ambigua
51,Sturnia malabarica
52,Todiramphus chloris
