filepath,species_name,recording_id,duration_s
data/raw/ibc53/Acridotheres fuscus/1.wav,Acridotheres fuscus,1,18.573
data/raw/ibc53/Acridotheres fuscus/2.wav,Acridotheres fuscus,2,26.880
data/raw/ibc53/Acridotheres fuscus/3.wav,Acridotheres fuscus,3,7.131
data/raw/ibc53/Acridotheres fuscus/4.wav,Acridotheres fuscus,4,37.460
data/raw/ibc53/Acridotheres fuscus/5.wav,Acridotheres fuscus,5,53.081
data/raw/ibc53/Acridotheres fuscus/6.wav,Acridotheres fuscus,6,9.770
data/raw/ibc53/Acridotheres fuscus/7.wav,Acridotheres fuscus,7,51.749
data/raw/ibc53/Acridotheres fuscus/8.wav,Acridotheres fuscus,8,35.448
data/raw/ibc53/Acridotheres fuscus/9.wav,Acridotheres fuscus,9,48.013
data/raw/ibc53/Acridotheres fuscus/10.wav,Acridotheres fuscus,10,15.412
data/raw/ibc53/Acridotheres fuscus/11.wav,Acridotheres fuscus,11,21.786
data/raw/ibc53/Acridotheres fuscus/12.wav,Acridotheres fuscus,12,31.242
data/raw/ibc53/Acridotheres fuscus/13.wav,Acridotheres fuscus,13,10.685
data/raw/ibc53/Acridotheres fuscus/14.wav,Acridotheres fuscus,14,12.382
data/raw/ibc53/Acridotheres fuscus/15.wav,Acridotheres fuscus,15,6.336
data/raw/ibc53/Acridotheres fuscus/16.wav,Acridotheres fuscus,16,11.102
data/raw/ibc53/Acridotheres fuscus/17.wav,Acridotheres fuscus,17,1.808
data/raw/ibc53/Acrocephalus bistrigiceps/1.wav,Acrocephalus bistrigiceps,1,5.251
data/raw/ibc53/Aethopyga gouldiae/1.wav,Aethopyga gouldiae,1,49.536
data/raw/ibc53/Aethopyga gouldiae/2.wav,Aethopyga gouldiae,2,24.240
data/raw/ibc53/Aethopyga gouldiae/3.wav,Aethopyga gouldiae,3,23.088
data/raw/ibc53/Aethopyga gouldiae/4.wav,Aethopyga gouldiae,4,12.591
data/raw/ibc53/Aethopyga gouldiae/5.wav,Aethopyga gouldiae,5,14.208
data/raw/ibc53/Aethopyga gouldiae/6.wav,Aethopyga gouldiae,6,10.136
data/raw/ibc53/Alcippe cinerea/1.wav,Alcippe cinerea,1,26.616
data/raw/ibc53/Alcippe cinerea/2.wav,Alcippe cinerea,2,35.040
data/raw/ibc53/Alcippe cinerea/3.wav,Alcippe cinerea,3,48.927
data/raw/ibc53/Alcippe cinerea/4.wav,Alcippe cinerea,4,38.844
data/raw/ibc53/Alcippe cinerea/5.wav,Alcippe cinerea,5,16.614
data/raw/ibc53/Alcippe cinerea/6.wav,Alcippe cinerea,6,48.692
data/raw/ibc53/Alcippe cinerea/7.wav,Alcippe cinerea,7,38.060
data/raw/ibc53/Alcippe cinerea/8.wav,Alcippe cinerea,8,27.220
data/raw/ibc53/Alcippe cinerea/9.wav,Alcippe cinerea,9,8.304
data/raw/ibc53/Alcippe cinerea/10.wav,Alcippe cinerea,10,81.072
data/raw/ibc53/Alcippe cinerea/11.wav,Alcippe cinerea,11,16.080
data/raw/ibc53/Alcippe cinerea/12.wav,Alcippe cinerea,12,11.016
data/raw/ibc53/Alcippe cinerea/13.wav,Alcippe cinerea,13,9.720
data/raw/ibc53/Alcippe cinerea/14.wav,Alcippe cinerea,14,26.976
data/raw/ibc53/Alcippe cinerea/15.wav,Alcippe cinerea,15,42.292
data/raw/ibc53/Alcippe cinerea/16.wav,Alcippe cinerea,16,41.822
data/raw/ibc53/Alcippe cinerea/17.wav,Alcippe cinerea,17,47.856
data/raw/ibc53/Alcippe cinerea/18.wav,Alcippe cinerea,18,57.391
data/raw/ibc53/Alcippe cinerea/19.wav,Alcippe cinerea,19,53.185
data/raw/ibc53/Alcippe cinerea/20.wav,Alcippe cinerea,20,10.893
data/raw/ibc53/Alcippe cinerea/21.wav,Alcippe cinerea,21,17.982
data/raw/ibc53/Alcippe cinerea/22.wav,Alcippe cinerea,22,4.282
data/raw/ibc53/Alcippe cinerea/23.wav,Alcippe cinerea,23,43.213
data/raw/ibc53/Alcippe cinerea/24.wav,Alcippe cinerea,24,51.338
data/raw/ibc53/Arachnothera magna/1.wav,Arachnothera magna,1,49.502
data/raw/ibc53/Arachnothera magna/2.wav,Arachnothera magna,2,22.100
data/raw/ibc53/Arachnothera magna/3.wav,Arachnothera magna,3,30.336
data/raw/ibc53/Arachnothera magna/4.wav,Arachnothera magna,4,24.664
data/raw/ibc53/Arachnothera magna/5.wav,Arachnothera magna,5,10.162
data/raw/ibc53/Arachnothera magna/6.wav,Arachnothera magna,6,5.851
data/raw/ibc53/Arachnothera magna/7.wav,Arachnothera magna,7,4.049
data/raw/ibc53/Arachnothera magna/8.wav,Arachnothera magna,8,37.444
data/raw/ibc53/Arachnothera magna/9.wav,Arachnothera magna,9,15.956
data/raw/ibc53/Arachnothera magna/10.wav,Arachnothera magna,10,17.276
data/raw/ibc53/Arachnothera magna/11.wav,Arachnothera magna,11,19.774
data/raw/ibc53/Arborophila torqueola/1.wav,Arborophila torqueola,1,61.780
data/raw/ibc53/Arborophila torqueola/2.wav,Arborophila torqueola,2,124.447
data/raw/ibc53/Arborophila torqueola/3.wav,Arborophila torqueola,3,48.480
data/raw/ibc53/Arborophila torqueola/4.wav,Arborophila torqueola,4,74.873
data/raw/ibc53/Arborophila torqueola/5.wav,Arborophila torqueola,5,36.467
data/raw/ibc53/Arborophila torqueola/6.wav,Arborophila torqueola,6,98.873
data/raw/ibc53/Arborophila torqueola/7.wav,Arborophila torqueola,7,36.101
data/raw/ibc53/Arborophila torqueola/8.wav,Arborophila torqueola,8,106.762
data/raw/ibc53/Arborophila torqueola/9.wav,Arborophila torqueola,9,62.694
data/raw/ibc53/Arborophila torqueola/10.wav,Arborophila torqueola,10,45.923
data/raw/ibc53/Arborophila torqueola/11.wav,Arborophila torqueola,11,7.863
data/raw/ibc53/Arborophila torqueola/12.wav,Arborophila torqueola,12,67.814
data/raw/ibc53/Arborophila torqueola/13.wav,Arborophila torqueola,13,132.336
data/raw/ibc53/Arborophila torqueola/14.wav,Arborophila torqueola,14,7.859
data/raw/ibc53/Arborophila torqueola/15.wav,Arborophila torqueola,15,21.624
data/raw/ibc53/Arborophila torqueola/16.wav,Arborophila torqueola,16,18.442
data/raw/ibc53/Arborophila torqueola/17.wav,Arborophila torqueola,17,27.936
data/raw/ibc53/Arborophila torqueola/18.wav,Arborophila torqueola,18,24.321
data/raw/ibc53/Arborophila torqueola/19.wav,Arborophila torqueola,19,23.796
data/raw/ibc53/Arborophila torqueola/20.wav,Arborophila torqueola,20,53.496
data/raw/ibc53/Arborophila torqueola/21.wav,Arborophila torqueola,21,22.439
data/raw/ibc53/Arborophila torqueola/22.wav,Arborophila torqueola,22,21.133
data/raw/ibc53/Arborophila torqueola/23.wav,Arborophila torqueola,23,27.864
data/raw/ibc53/Arborophila torqueola/24.wav,Arborophila torqueola,24,62.798
data/raw/ibc53/Arborophila torqueola/25.wav,Arborophila torqueola,25,40.516
data/raw/ibc53/Arborophila torqueola/26.wav,Arborophila torqueola,26,71.105
data/raw/ibc53/Arborophila torqueola/27.wav,Arborophila torqueola,27,20.634
data/raw/ibc53/Arborophila torqueola/28.wav,Arborophila torqueola,28,134.784
data/raw/ibc53/Arborophila torqueola/29.wav,Arborophila torqueola,29,34.464
data/raw/ibc53/Arborophila torqueola/30.wav,Arborophila torqueola,30,13.560
data/raw/ibc53/Arborophila torqueola/31.wav,Arborophila torqueola,31,67.728
data/raw/ibc53/Arborophila torqueola/32.wav,Arborophila torqueola,32,78.942
data/raw/ibc53/Arborophila torqueola/33.wav,Arborophila torqueola,33,34.775
data/raw/ibc53/Argya longirostris/1.wav,Argya longirostris,1,80.064
data/raw/ibc53/Argya longirostris/2.wav,Argya longirostris,2,50.640
data/raw/ibc53/Argya longirostris/3.wav,Argya longirostris,3,10.536
data/raw/ibc53/Argya longirostris/4.wav,Argya longirostris,4,36.024
data/raw/ibc53/Argya longirostris/5.wav,Argya longirostris,5,16.901
data/raw/ibc53/Argya longirostris/6.wav,Argya longirostris,6,17.293
data/raw/ibc53/Argya longirostris/7.wav,Argya longirostris,7,79.726
data/raw/ibc53/Argya longirostris/8.wav,Argya longirostris,8,10.740
data/raw/ibc53/Argya longirostris/9.wav,Argya longirostris,9,14.399
data/raw/ibc53/Argya longirostris/10.wav,Argya longirostris,10,45.856
data/raw/ibc53/Argya longirostris/11.wav,Argya longirostris,11,43.859
data/raw/ibc53/Centropus andamanensis/1.wav,Centropus andamanensis,1,61.320
data/raw/ibc53/Centropus andamanensis/2.wav,Centropus andamanensis,2,42.603
data/raw/ibc53/Centropus andamanensis/3.wav,Centropus andamanensis,3,5.930
data/raw/ibc53/Centropus andamanensis/4.wav,Centropus andamanensis,4,52.297
data/raw/ibc53/Centropus andamanensis/5.wav,Centropus andamanensis,5,53.264
data/raw/ibc53/Centropus andamanensis/6.wav,Centropus andamanensis,6,55.171
data/raw/ibc53/Centropus andamanensis/7.wav,Centropus andamanensis,7,45.871
data/raw/ibc53/Centropus andamanensis/8.wav,Centropus andamanensis,8,7.233
data/raw/ibc53/Centropus andamanensis/9.wav,Centropus andamanensis,9,7.002
data/raw/ibc53/Centropus andamanensis/10.wav,Centropus andamanensis,10,46.081
data/raw/ibc53/Centropus andamanensis/11.wav,Centropus andamanensis,11,22.754
data/raw/ibc53/Centropus andamanensis/12.wav,Centropus andamanensis,12,41.989
data/raw/ibc53/Centropus andamanensis/13.wav,Centropus andamanensis,13,27.425
data/raw/ibc53/Centropus andamanensis/14.wav,Centropus andamanensis,14,4.430
data/raw/ibc53/Centropus andamanensis/15.wav,Centropus andamanensis,15,69.472
data/raw/ibc53/Centropus andamanensis/16.wav,Centropus andamanensis,16,25.005
data/raw/ibc53/Chelidorhynx hypoxanthus/1.wav,Chelidorhynx hypoxanthus,1,44.487
data/raw/ibc53/Chelidorhynx hypoxanthus/2.wav,Chelidorhynx hypoxanthus,2,9.587
data/raw/ibc53/Chelidorhynx hypoxanthus/3.wav,Chelidorhynx hypoxanthus,3,28.186
data/raw/ibc53/Chelidorhynx hypoxanthus/4.wav,Chelidorhynx hypoxanthus,4,42.288
data/raw/ibc53/Chelidorhynx hypoxanthus/5.wav,Chelidorhynx hypoxanthus,5,32.940
data/raw/ibc53/Chelidorhynx hypoxanthus/6.wav,Chelidorhynx hypoxanthus,6,6.870
data/raw/ibc53/Chelidorhynx hypoxanthus/7.wav,Chelidorhynx hypoxanthus,7,35.736
data/raw/ibc53/Chelidorhynx hypoxanthus/8.wav,Chelidorhynx hypoxanthus,8,24.163
data/raw/ibc53/Chelidorhynx hypoxanthus/9.wav,Chelidorhynx hypoxanthus,9,65.620
data/raw/ibc53/Chelidorhynx hypoxanthus/10.wav,Chelidorhynx hypoxanthus,10,98.534
data/raw/ibc53/Chelidorhynx hypoxanthus/11.wav,Chelidorhynx hypoxanthus,11,41.143
data/raw/ibc53/Chelidorhynx hypoxanthus/12.wav,Chelidorhynx hypoxanthus,12,61.466
data/raw/ibc53/Chelidorhynx hypoxanthus/13.wav,Chelidorhynx hypoxanthus,13,26.520
data/raw/ibc53/Chelidorhynx hypoxanthus/14.wav,Chelidorhynx hypoxanthus,14,42.120
data/raw/ibc53/Chelidorhynx hypoxanthus/15.wav,Chelidorhynx hypoxanthus,15,64.811
data/raw/ibc53/Chelidorhynx hypoxanthus/16.wav,Chelidorhynx hypoxanthus,16,36.075
data/raw/ibc53/Chloropsis/1.wav,Chloropsis,1,32.731
data/raw/ibc53/Chloropsis/2.wav,Chloropsis,2,63.112
data/raw/ibc53/Chloropsis/3.wav,Chloropsis,3,44.448
data/raw/ibc53/Chloropsis/4.wav,Chloropsis,4,12.304
data/raw/ibc53/Chloropsis/5.wav,Chloropsis,5,43.729
data/raw/ibc53/Chloropsis/6.wav,Chloropsis,6,31.060
data/raw/ibc53/Chloropsis/7.wav,Chloropsis,7,35.088
data/raw/ibc53/Chloropsis/8.wav,Chloropsis,8,40.416
data/raw/ibc53/Chloropsis/9.wav,Chloropsis,9,35.088
data/raw/ibc53/Chloropsis/10.wav,Chloropsis,10,54.456
data/raw/ibc53/Chloropsis/11.wav,Chloropsis,11,60.288
data/raw/ibc53/Chloropsis/12.wav,Chloropsis,12,6.242
data/raw/ibc53/Chloropsis/13.wav,Chloropsis,13,8.301
data/raw/ibc53/Chloropsis/14.wav,Chloropsis,14,362.764
data/raw/ibc53/Chloropsis/15.wav,Chloropsis,15,21.995
data/raw/ibc53/Chloropsis/16.wav,Chloropsis,16,43.624
data/raw/ibc53/Chloropsis/17.wav,Chloropsis,17,11.964
data/raw/ibc53/Chloropsis/18.wav,Chloropsis,18,19.513
data/raw/ibc53/Chloropsis/19.wav,Chloropsis,19,20.271
data/raw/ibc53/Chloropsis/20.wav,Chloropsis,20,16.273
data/raw/ibc53/Chloropsis/21.wav,Chloropsis,21,7.837
data/raw/ibc53/Chloropsis cochinchinensis/1.wav,Chloropsis cochinchinensis,1,47.081
data/raw/ibc53/Chloropsis jerdoni/1.wav,Chloropsis jerdoni,1,87.406
data/raw/ibc53/Chloropsis jerdoni/2.wav,Chloropsis jerdoni,2,56.111
data/raw/ibc53/Chloropsis jerdoni/3.wav,Chloropsis jerdoni,3,18.051
data/raw/ibc53/Chloropsis jerdoni/4.wav,Chloropsis jerdoni,4,36.049
data/raw/ibc53/Chloropsis jerdoni/5.wav,Chloropsis jerdoni,5,83.685
data/raw/ibc53/Chloropsis jerdoni/6.wav,Chloropsis jerdoni,6,82.290
data/raw/ibc53/Chloropsis jerdoni/7.wav,Chloropsis jerdoni,7,7.239
data/raw/ibc53/Chloropsis jerdoni/8.wav,Chloropsis jerdoni,8,22.801
data/raw/ibc53/Chloropsis jerdoni/9.wav,Chloropsis jerdoni,9,79.804
data/raw/ibc53/Chloropsis jerdoni/10.wav,Chloropsis jerdoni,10,37.534
data/raw/ibc53/Chloropsis jerdoni/11.wav,Chloropsis jerdoni,11,27.089
data/raw/ibc53/Chloropsis jerdoni/12.wav,Chloropsis jerdoni,12,16.927
data/raw/ibc53/Chloropsis jerdoni/13.wav,Chloropsis jerdoni,13,31.347
data/raw/ibc53/Chrysococcyx maculatus/1.wav,Chrysococcyx maculatus,1,10.390
data/raw/ibc53/Chrysococcyx maculatus/2.wav,Chrysococcyx maculatus,2,19.105
data/raw/ibc53/Cuculus micropterus/1.wav,Cuculus micropterus,1,27.376
data/raw/ibc53/Cuculus micropterus/2.wav,Cuculus micropterus,2,8.882
data/raw/ibc53/Cuculus micropterus/3.wav,Cuculus micropterus,3,27.984
data/raw/ibc53/Cuculus micropterus/4.wav,Cuculus micropterus,4,65.411
data/raw/ibc53/Cuculus micropterus/5.wav,Cuculus micropterus,5,1.959
data/raw/ibc53/Cuculus micropterus/6.wav,Cuculus micropterus,6,17.476
data/raw/ibc53/Cuculus micropterus/7.wav,Cuculus micropterus,7,43.656
data/raw/ibc53/Cuculus micropterus/8.wav,Cuculus micropterus,8,183.912
data/raw/ibc53/Cuculus micropterus/9.wav,Cuculus micropterus,9,70.032
data/raw/ibc53/Cuculus micropterus/10.wav,Cuculus micropterus,10,63.216
data/raw/ibc53/Cuculus micropterus/11.wav,Cuculus micropterus,11,34.312
data/raw/ibc53/Cuculus micropterus/12.wav,Cuculus micropterus,12,52.918
data/raw/ibc53/Cuculus micropterus/13.wav,Cuculus micropterus,13,18.672
data/raw/ibc53/Cuculus micropterus/14.wav,Cuculus micropterus,14,10.515
data/raw/ibc53/Cuculus micropterus/15.wav,Cuculus micropterus,15,9.567
data/raw/ibc53/Cuculus micropterus/16.wav,Cuculus micropterus,16,19.278
data/raw/ibc53/Cuculus micropterus/17.wav,Cuculus micropterus,17,23.641
data/raw/ibc53/Cuculus micropterus/18.wav,Cuculus micropterus,18,12.872
data/raw/ibc53/Cuculus micropterus/19.wav,Cuculus micropterus,19,45.715
data/raw/ibc53/Cuculus micropterus/20.wav,Cuculus micropterus,20,5.520
data/raw/ibc53/Cuculus micropterus/21.wav,Cuculus micropterus,21,25.522
data/raw/ibc53/Cuculus micropterus/22.wav,Cuculus micropterus,22,17.899
data/raw/ibc53/Cuculus micropterus/23.wav,Cuculus micropterus,23,18.902
data/raw/ibc53/Cuculus micropterus/24.wav,Cuculus micropterus,24,25.429
data/raw/ibc53/Cuculus micropterus/25.wav,Cuculus micropterus,25,9.613
data/raw/ibc53/Cuculus micropterus/26.wav,Cuculus micropterus,26,14.237
data/raw/ibc53/Cuculus micropterus/27.wav,Cuculus micropterus,27,43.044
data/raw/ibc53/Cuculus micropterus/28.wav,Cuculus micropterus,28,16.909
data/raw/ibc53/Cuculus micropterus/29.wav,Cuculus micropterus,29,2.808
data/raw/ibc53/Cuculus micropterus/30.wav,Cuculus micropterus,30,41.613
data/raw/ibc53/Cuculus micropterus/31.wav,Cuculus micropterus,31,46.608
data/raw/ibc53/Cuculus micropterus/32.wav,Cuculus micropterus,32,23.401
data/raw/ibc53/Cuculus micropterus/33.wav,Cuculus micropterus,33,8.703
data/raw/ibc53/Cuculus micropterus/34.wav,Cuculus micropterus,34,22.625
data/raw/ibc53/Cuculus micropterus/35.wav,Cuculus micropterus,35,76.671
data/raw/ibc53/Cuculus micropterus/36.wav,Cuculus micropterus,36,31.635
data/raw/ibc53/Cuculus micropterus/37.wav,Cuculus micropterus,37,10.971
data/raw/ibc53/Cuculus micropterus/38.wav,Cuculus micropterus,38,26.000
data/raw/ibc53/Cuculus micropterus/39.wav,Cuculus micropterus,39,20.196
data/raw/ibc53/Cuculus micropterus/40.wav,Cuculus micropterus,40,25.095
data/raw/ibc53/Cuculus micropterus/41.wav,Cuculus micropterus,41,21.291
data/raw/ibc53/Cuculus micropterus/42.wav,Cuculus micropterus,42,7.000
data/raw/ibc53/Cuculus micropterus/43.wav,Cuculus micropterus,43,62.135
data/raw/ibc53/Cuculus micropterus/44.wav,Cuculus micropterus,44,64.833
data/raw/ibc53/Cuculus micropterus/45.wav,Cuculus micropterus,45,69.019
data/raw/ibc53/Cuculus micropterus/46.wav,Cuculus micropterus,46,62.135
data/raw/ibc53/Cuculus micropterus/47.wav,Cuculus micropterus,47,21.291
data/raw/ibc53/Cuculus micropterus/48.wav,Cuculus micropterus,48,12.872
data/raw/ibc53/Cuculus micropterus/49.wav,Cuculus micropterus,49,25.522
data/raw/ibc53/Cuculus micropterus/50.wav,Cuculus micropterus,50,19.278
data/raw/ibc53/Cuculus micropterus/51.wav,Cuculus micropterus,51,17.476
data/raw/ibc53/Cuculus micropterus/52.wav,Cuculus micropterus,52,8.882
data/raw/ibc53/Cuculus micropterus/53.wav,Cuculus micropterus,53,8.703
data/raw/ibc53/Cuculus micropterus/54.wav,Cuculus micropterus,54,10.971
data/raw/ibc53/Cuculus micropterus/55.wav,Cuculus micropterus,55,1.959
data/raw/ibc53/Cuculus micropterus/56.wav,Cuculus micropterus,56,27.984
data/raw/ibc53/Cuculus micropterus/57.wav,Cuculus micropterus,57,26.000
data/raw/ibc53/Cuculus micropterus/58.wav,Cuculus micropterus,58,23.401
data/raw/ibc53/Cuculus micropterus/59.wav,Cuculus micropterus,59,9.567
data/raw/ibc53/Cuculus micropterus/60.wav,Cuculus micropterus,60,63.216
data/raw/ibc53/Cuculus micropterus/61.wav,Cuculus micropterus,61,16.909
data/raw/ibc53/Cuculus micropterus/62.wav,Cuculus micropterus,62,25.429
data/raw/ibc53/Cuculus micropterus/63.wav,Cuculus micropterus,63,41.613
data/raw/ibc53/Cuculus micropterus/64.wav,Cuculus micropterus,64,18.902
data/raw/ibc53/Cuculus micropterus/65.wav,Cuculus micropterus,65,18.672
data/raw/ibc53/Cuculus micropterus/66.wav,Cuculus micropterus,66,43.656
data/raw/ibc53/Cyornis concretus/1.wav,Cyornis concretus,1,62.961
data/raw/ibc53/Cyornis concretus/2.wav,Cyornis concretus,2,20.952
data/raw/ibc53/Cyornis concretus/3.wav,Cyornis concretus,3,8.760
data/raw/ibc53/Cyornis magnirostris/1.wav,Cyornis magnirostris,1,59.975
data/raw/ibc53/Cyornis magnirostris/2.wav,Cyornis magnirostris,2,8.898
data/raw/ibc53/Cyornis magnirostris/3.wav,Cyornis magnirostris,3,24.271
data/raw/ibc53/Cyornis magnirostris/4.wav,Cyornis magnirostris,4,12.001
data/raw/ibc53/Cyornis magnirostris/5.wav,Cyornis magnirostris,5,77.926
data/raw/ibc53/Cyornis magnirostris/6.wav,Cyornis magnirostris,6,103.745
data/raw/ibc53/Cyornis magnirostris/7.wav,Cyornis magnirostris,7,19.148
data/raw/ibc53/Cyornis magnirostris/8.wav,Cyornis magnirostris,8,71.393
data/raw/ibc53/Cyornis poliogenys/1.wav,Cyornis poliogenys,1,60.656
data/raw/ibc53/Cyornis poliogenys/2.wav,Cyornis poliogenys,2,22.800
data/raw/ibc53/Cyornis poliogenys/3.wav,Cyornis poliogenys,3,43.776
data/raw/ibc53/Cyornis poliogenys/4.wav,Cyornis poliogenys,4,43.896
data/raw/ibc53/Cyornis poliogenys/5.wav,Cyornis poliogenys,5,39.915
data/raw/ibc53/Cyornis poliogenys/6.wav,Cyornis poliogenys,6,39.915
data/raw/ibc53/Cyornis poliogenys/7.wav,Cyornis poliogenys,7,32.235
data/raw/ibc53/Cyornis poliogenys/8.wav,Cyornis poliogenys,8,19.960
data/raw/ibc53/Cyornis poliogenys/9.wav,Cyornis poliogenys,9,4.395
data/raw/ibc53/Cyornis poliogenys/10.wav,Cyornis poliogenys,10,95.033
data/raw/ibc53/Cyornis poliogenys/11.wav,Cyornis poliogenys,11,48.718
data/raw/ibc53/Cyornis poliogenys/12.wav,Cyornis poliogenys,12,32.862
data/raw/ibc53/Cyornis poliogenys/13.wav,Cyornis poliogenys,13,26.984
data/raw/ibc53/Cyornis poliogenys/14.wav,Cyornis poliogenys,14,14.063
data/raw/ibc53/Cyornis poliogenys/15.wav,Cyornis poliogenys,15,27.638
data/raw/ibc53/Cyornis poliogenys/16.wav,Cyornis poliogenys,16,36.624
data/raw/ibc53/Cyornis poliogenys/17.wav,Cyornis poliogenys,17,67.758
data/raw/ibc53/Cyornis poliogenys/18.wav,Cyornis poliogenys,18,48.014
data/raw/ibc53/Cyornis poliogenys/19.wav,Cyornis poliogenys,19,49.843
data/raw/ibc53/Cyornis poliogenys/20.wav,Cyornis poliogenys,20,3.971
data/raw/ibc53/Cyornis poliogenys/21.wav,Cyornis poliogenys,21,16.144
data/raw/ibc53/Cyornis poliogenys/22.wav,Cyornis poliogenys,22,33.907
data/raw/ibc53/Cyornis poliogenys/23.wav,Cyornis poliogenys,23,42.266
data/raw/ibc53/Cyornis poliogenys/24.wav,Cyornis poliogenys,24,36.101
data/raw/ibc53/Cyornis poliogenys/25.wav,Cyornis poliogenys,25,18.625
data/raw/ibc53/Cyornis poliogenys/26.wav,Cyornis poliogenys,26,44.487
data/raw/ibc53/Cyornis poliogenys/27.wav,Cyornis poliogenys,27,16.562
data/raw/ibc53/Cyornis poliogenys/28.wav,Cyornis poliogenys,28,17.476
data/raw/ibc53/Cyornis poliogenys/29.wav,Cyornis poliogenys,29,35.059
data/raw/ibc53/Cyornis unicolor/1.wav,Cyornis unicolor,1,58.331
data/raw/ibc53/Cyornis unicolor/2.wav,Cyornis unicolor,2,32.366
data/raw/ibc53/Cyornis unicolor/3.wav,Cyornis unicolor,3,30.877
data/raw/ibc53/Cyornis unicolor/4.wav,Cyornis unicolor,4,82.808
data/raw/ibc53/Cyornis unicolor/5.wav,Cyornis unicolor,5,57.672
data/raw/ibc53/Cyornis unicolor/6.wav,Cyornis unicolor,6,26.044
data/raw/ibc53/Cyornis unicolor/7.wav,Cyornis unicolor,7,29.022
data/raw/ibc53/Cyornis unicolor/8.wav,Cyornis unicolor,8,37.956
data/raw/ibc53/Cyornis unicolor/9.wav,Cyornis unicolor,9,36.696
data/raw/ibc53/Cyornis unicolor/10.wav,Cyornis unicolor,10,136.568
data/raw/ibc53/Cyornis unicolor/11.wav,Cyornis unicolor,11,85.734
data/raw/ibc53/Cyornis unicolor/12.wav,Cyornis unicolor,12,24.137
data/raw/ibc53/Cyornis unicolor/13.wav,Cyornis unicolor,13,7.340
data/raw/ibc53/Cyornis unicolor/14.wav,Cyornis unicolor,14,31.608
data/raw/ibc53/Cyornis unicolor/15.wav,Cyornis unicolor,15,82.365
data/raw/ibc53/Cyornis unicolor/16.wav,Cyornis unicolor,16,84.767
data/raw/ibc53/Cyornis unicolor/17.wav,Cyornis unicolor,17,26.488
data/raw/ibc53/Cyornis unicolor/18.wav,Cyornis unicolor,18,12.042
data/raw/ibc53/Cyornis unicolor/19.wav,Cyornis unicolor,19,86.178
data/raw/ibc53/Cyornis unicolor/20.wav,Cyornis unicolor,20,42.658
data/raw/ibc53/Cyornis unicolor/21.wav,Cyornis unicolor,21,38.713
data/raw/ibc53/Cyornis unicolor/22.wav,Cyornis unicolor,22,48.640
data/raw/ibc53/Cyornis unicolor/23.wav,Cyornis unicolor,23,46.315
data/raw/ibc53/Cyornis unicolor/24.wav,Cyornis unicolor,24,35.396
data/raw/ibc53/Cyornis unicolor/25.wav,Cyornis unicolor,25,72.960
data/raw/ibc53/Cyornis unicolor/26.wav,Cyornis unicolor,26,32.758
data/raw/ibc53/Cyornis unicolor/27.wav,Cyornis unicolor,27,57.493
data/raw/ibc53/Cyornis unicolor/28.wav,Cyornis unicolor,28,15.985
data/raw/ibc53/Cypsiurus balasiensis/1.wav,Cypsiurus balasiensis,1,3.004
data/raw/ibc53/Cypsiurus balasiensis/2.wav,Cypsiurus balasiensis,2,4.963
data/raw/ibc53/Cypsiurus balasiensis/3.wav,Cypsiurus balasiensis,3,17.685
data/raw/ibc53/Cypsiurus balasiensis/4.wav,Cypsiurus balasiensis,4,19.112
data/raw/ibc53/Cypsiurus balasiensis/5.wav,Cypsiurus balasiensis,5,22.884
data/raw/ibc53/Cypsiurus balasiensis/6.wav,Cypsiurus balasiensis,6,42.148
data/raw/ibc53/Cypsiurus balasiensis/7.wav,Cypsiurus balasiensis,7,108.722
data/raw/ibc53/Cypsiurus balasiensis/8.wav,Cypsiurus balasiensis,8,23.399
data/raw/ibc53/Cypsiurus balasiensis/9.wav,Cypsiurus balasiensis,9,8.178
data/raw/ibc53/Dicaeum chrysorrheum/1.wav,Dicaeum chrysorrheum,1,65.458
data/raw/ibc53/Dicaeum chrysorrheum/2.wav,Dicaeum chrysorrheum,2,5.739
data/raw/ibc53/Dicaeum chrysorrheum/3.wav,Dicaeum chrysorrheum,3,11.833
data/raw/ibc53/Dicaeum cruentatum/1.wav,Dicaeum cruentatum,1,80.744
data/raw/ibc53/Dicaeum cruentatum/2.wav,Dicaeum cruentatum,2,2.769
data/raw/ibc53/Dicaeum cruentatum/3.wav,Dicaeum cruentatum,3,28.343
data/raw/ibc53/Dicaeum cruentatum/4.wav,Dicaeum cruentatum,4,2.900
data/raw/ibc53/Dicaeum cruentatum/5.wav,Dicaeum cruentatum,5,9.810
data/raw/ibc53/Dicaeum cruentatum/6.wav,Dicaeum cruentatum,6,32.778
data/raw/ibc53/Dicaeum cruentatum/7.wav,Dicaeum cruentatum,7,3.344
data/raw/ibc53/Dicaeum cruentatum/8.wav,Dicaeum cruentatum,8,28.108
data/raw/ibc53/Dicaeum minullum/1.wav,Dicaeum minullum,1,32.287
data/raw/ibc53/Dicaeum minullum/2.wav,Dicaeum minullum,2,19.331
data/raw/ibc53/Dicaeum minullum/3.wav,Dicaeum minullum,3,30.485
data/raw/ibc53/Dicaeum minullum/4.wav,Dicaeum minullum,4,16.353
data/raw/ibc53/Dicaeum minullum/5.wav,Dicaeum minullum,5,9.182
data/raw/ibc53/Dicaeum minullum/6.wav,Dicaeum minullum,6,12.410
data/raw/ibc53/Dicaeum minullum/7.wav,Dicaeum minullum,7,8.542
data/raw/ibc53/Dicrurus andamanensis/1.wav,Dicrurus andamanensis,1,15.073
data/raw/ibc53/Dicrurus andamanensis/2.wav,Dicrurus andamanensis,2,62.784
data/raw/ibc53/Dicrurus andamanensis/3.wav,Dicrurus andamanensis,3,14.393
data/raw/ibc53/Dicrurus andamanensis/4.wav,Dicrurus andamanensis,4,11.999
data/raw/ibc53/Dicrurus andamanensis/5.wav,Dicrurus andamanensis,5,32.862
data/raw/ibc53/Dicrurus andamanensis/6.wav,Dicrurus andamanensis,6,22.178
data/raw/ibc53/Dicrurus andamanensis/7.wav,Dicrurus andamanensis,7,34.717
data/raw/ibc53/Dicrurus andamanensis/8.wav,Dicrurus andamanensis,8,30.407
data/raw/ibc53/Dicrurus andamanensis/9.wav,Dicrurus andamanensis,9,22.909
data/raw/ibc53/Dicrurus andamanensis/10.wav,Dicrurus andamanensis,10,57.731
data/raw/ibc53/Dicrurus andamanensis/11.wav,Dicrurus andamanensis,11,55.536
data/raw/ibc53/Dicrurus andamanensis/12.wav,Dicrurus andamanensis,12,28.282
data/raw/ibc53/Dicrurus andamanensis/13.wav,Dicrurus andamanensis,13,64.863
data/raw/ibc53/Dicrurus andamanensis/14.wav,Dicrurus andamanensis,14,19.697
data/raw/ibc53/Dicrurus andamanensis/15.wav,Dicrurus andamanensis,15,61.911
data/raw/ibc53/Dicrurus andamanensis/16.wav,Dicrurus andamanensis,16,33.203
data/raw/ibc53/Dicrurus andamanensis/17.wav,Dicrurus andamanensis,17,15.509
data/raw/ibc53/Dicrurus andamanensis/18.wav,Dicrurus andamanensis,18,71.352
data/raw/ibc53/Dicrurus andamanensis/19.wav,Dicrurus andamanensis,19,19.035
data/raw/ibc53/Dicrurus andamanensis/20.wav,Dicrurus andamanensis,20,8.034
data/raw/ibc53/Eurystomus orientalis/1.wav,Eurystomus orientalis,1,39.549
data/raw/ibc53/Eurystomus orientalis/2.wav,Eurystomus orientalis,2,32.575
data/raw/ibc53/Eurystomus orientalis/3.wav,Eurystomus orientalis,3,12.669
data/raw/ibc53/Eurystomus orientalis/4.wav,Eurystomus orientalis,4,14.655
data/raw/ibc53/Eurystomus orientalis/5.wav,Eurystomus orientalis,5,37.742
data/raw/ibc53/Glaucidium cuculoides/1.wav,Glaucidium cuculoides,1,23.952
data/raw/ibc53/Glaucidium cuculoides/2.wav,Glaucidium cuculoides,2,48.384
data/raw/ibc53/Glaucidium cuculoides/3.wav,Glaucidium cuculoides,3,16.823
data/raw/ibc53/Glaucidium cuculoides/4.wav,Glaucidium cuculoides,4,8.882
data/raw/ibc53/Glaucidium cuculoides/5.wav,Glaucidium cuculoides,5,5.120
data/raw/ibc53/Glaucidium cuculoides/6.wav,Glaucidium cuculoides,6,28.608
data/raw/ibc53/Glaucidium cuculoides/7.wav,Glaucidium cuculoides,7,8.202
data/raw/ibc53/Glaucidium cuculoides/8.wav,Glaucidium cuculoides,8,38.635
data/raw/ibc53/Glaucidium cuculoides/9.wav,Glaucidium cuculoides,9,2.560
data/raw/ibc53/Glaucidium cuculoides/10.wav,Glaucidium cuculoides,10,36.780
data/raw/ibc53/Glaucidium cuculoides/11.wav,Glaucidium cuculoides,11,5.773
data/raw/ibc53/Glaucidium cuculoides/12.wav,Glaucidium cuculoides,12,139.572
data/raw/ibc53/Glaucidium cuculoides/13.wav,Glaucidium cuculoides,13,21.358
data/raw/ibc53/Glaucidium cuculoides/14.wav,Glaucidium cuculoides,14,36.385
data/raw/ibc53/Glaucidium cuculoides/15.wav,Glaucidium cuculoides,15,36.385
data/raw/ibc53/Glaucidium cuculoides/16.wav,Glaucidium cuculoides,16,6.048
data/raw/ibc53/Glaucidium cuculoides/17.wav,Glaucidium cuculoides,17,35.918
data/raw/ibc53/Glaucidium cuculoides/18.wav,Glaucidium cuculoides,18,8.359
data/raw/ibc53/Glaucidium cuculoides/19.wav,Glaucidium cuculoides,19,10.449
data/raw/ibc53/Glaucidium cuculoides/20.wav,Glaucidium cuculoides,20,9.509
data/raw/ibc53/Glaucidium cuculoides/21.wav,Glaucidium cuculoides,21,51.200
data/raw/ibc53/Glaucidium cuculoides/22.wav,Glaucidium cuculoides,22,11.624
data/raw/ibc53/Glaucidium cuculoides/23.wav,Glaucidium cuculoides,23,17.319
data/raw/ibc53/Glaucidium cuculoides/24.wav,Glaucidium cuculoides,24,11.938
data/raw/ibc53/Glaucidium cuculoides/25.wav,Glaucidium cuculoides,25,61.780
data/raw/ibc53/Glaucidium cuculoides/26.wav,Glaucidium cuculoides,26,15.752
data/raw/ibc53/Glaucidium cuculoides/27.wav,Glaucidium cuculoides,27,13.845
data/raw/ibc53/Glaucidium cuculoides/28.wav,Glaucidium cuculoides,28,19.278
data/raw/ibc53/Glaucidium cuculoides/29.wav,Glaucidium cuculoides,29,87.433
data/raw/ibc53/Glaucidium cuculoides/30.wav,Glaucidium cuculoides,30,89.105
data/raw/ibc53/Glaucidium cuculoides/31.wav,Glaucidium cuculoides,31,276.010
data/raw/ibc53/Glaucidium cuculoides/32.wav,Glaucidium cuculoides,32,25.236
data/raw/ibc53/Glaucidium cuculoides/33.wav,Glaucidium cuculoides,33,11.577
data/raw/ibc53/Glaucidium cuculoides/34.wav,Glaucidium cuculoides,34,18.024
data/raw/ibc53/Glaucidium cuculoides/35.wav,Glaucidium cuculoides,35,9.247
data/raw/ibc53/Glaucidium cuculoides/36.wav,Glaucidium cuculoides,36,13.349
data/raw/ibc53/Glaucidium cuculoides/37.wav,Glaucidium cuculoides,37,24.320
data/raw/ibc53/Glaucidium cuculoides/38.wav,Glaucidium cuculoides,38,39.367
data/raw/ibc53/Glaucidium cuculoides/39.wav,Glaucidium cuculoides,39,36.389
data/raw/ibc53/Glaucidium cuculoides/40.wav,Glaucidium cuculoides,40,11.263
data/raw/ibc53/Glaucidium cuculoides/41.wav,Glaucidium cuculoides,41,4.516
data/raw/ibc53/Halcyon coromanda/1.wav,Halcyon coromanda,1,17.476
data/raw/ibc53/Halcyon coromanda/2.wav,Halcyon coromanda,2,5.224
data/raw/ibc53/Halcyon coromanda/3.wav,Halcyon coromanda,3,14.864
data/raw/ibc53/Halcyon coromanda/4.wav,Halcyon coromanda,4,16.144
data/raw/ibc53/Halcyon coromanda/5.wav,Halcyon coromanda,5,4.804
data/raw/ibc53/Halcyon coromanda/6.wav,Halcyon coromanda,6,18.756
data/raw/ibc53/Halcyon coromanda/7.wav,Halcyon coromanda,7,17.054
data/raw/ibc53/Halcyon coromanda/8.wav,Halcyon coromanda,8,16.248
data/raw/ibc53/Iole cacharensis/1.wav,Iole cacharensis,1,13.073
data/raw/ibc53/Iole cacharensis/2.wav,Iole cacharensis,2,19.541
data/raw/ibc53/Iole cacharensis/3.wav,Iole cacharensis,3,21.081
data/raw/ibc53/Iole cacharensis/4.wav,Iole cacharensis,4,6.034
data/raw/ibc53/Iole cacharensis/5.wav,Iole cacharensis,5,8.098
data/raw/ibc53/Iole cacharensis/6.wav,Iole cacharensis,6,38.113
data/raw/ibc53/Ixobrychus cinnamomeus/1.wav,Ixobrychus cinnamomeus,1,3.528
data/raw/ibc53/Ixobrychus cinnamomeus/2.wav,Ixobrychus cinnamomeus,2,8.031
data/raw/ibc53/Ixobrychus cinnamomeus/3.wav,Ixobrychus cinnamomeus,3,8.021
data/raw/ibc53/Ixobrychus cinnamomeus/4.wav,Ixobrychus cinnamomeus,4,39.001
data/raw/ibc53/Lanius tephronotus/1.wav,Lanius tephronotus,1,24.581
data/raw/ibc53/Lanius tephronotus/2.wav,Lanius tephronotus,2,24.294
data/raw/ibc53/Lanius tephronotus/3.wav,Lanius tephronotus,3,2.978
data/raw/ibc53/Lanius tephronotus/4.wav,Lanius tephronotus,4,32.701
data/raw/ibc53/Lanius tephronotus/5.wav,Lanius tephronotus,5,81.946
data/raw/ibc53/Liocichla phoenicea/1.wav,Liocichla phoenicea,1,22.073
data/raw/ibc53/Liocichla phoenicea/2.wav,Liocichla phoenicea,2,59.568
data/raw/ibc53/Liocichla phoenicea/3.wav,Liocichla phoenicea,3,39.240
data/raw/ibc53/Liocichla phoenicea/4.wav,Liocichla phoenicea,4,50.049
data/raw/ibc53/Liocichla phoenicea/5.wav,Liocichla phoenicea,5,36.600
data/raw/ibc53/Liocichla phoenicea/6.wav,Liocichla phoenicea,6,58.776
data/raw/ibc53/Liocichla phoenicea/7.wav,Liocichla phoenicea,7,17.112
data/raw/ibc53/Liocichla phoenicea/8.wav,Liocichla phoenicea,8,41.665
data/raw/ibc53/Liocichla phoenicea/9.wav,Liocichla phoenicea,9,60.813
data/raw/ibc53/Liocichla phoenicea/10.wav,Liocichla phoenicea,10,52.480
data/raw/ibc53/Liocichla phoenicea/11.wav,Liocichla phoenicea,11,30.772
data/raw/ibc53/Liocichla phoenicea/12.wav,Liocichla phoenicea,12,66.978
data/raw/ibc53/Liocichla phoenicea/13.wav,Liocichla phoenicea,13,174.472
data/raw/ibc53/Liocichla phoenicea/14.wav,Liocichla phoenicea,14,30.877
data/raw/ibc53/Liocichla phoenicea/15.wav,Liocichla phoenicea,15,17.316
data/raw/ibc53/Liocichla phoenicea/16.wav,Liocichla phoenicea,16,27.224
data/raw/ibc53/Liocichla phoenicea/17.wav,Liocichla phoenicea,17,23.406
data/raw/ibc53/Liocichla phoenicea/18.wav,Liocichla phoenicea,18,15.233
data/raw/ibc53/Liocichla phoenicea/19.wav,Liocichla phoenicea,19,21.062
data/raw/ibc53/Liocichla phoenicea/20.wav,Liocichla phoenicea,20,7.915
data/raw/ibc53/Liocichla phoenicea/21.wav,Liocichla phoenicea,21,65.976
data/raw/ibc53/Liocichla phoenicea/22.wav,Liocichla phoenicea,22,32.776
data/raw/ibc53/Liocichla phoenicea/23.wav,Liocichla phoenicea,23,37.838
data/raw/ibc53/Locustella davidi/1.wav,Locustella davidi,1,37.295
data/raw/ibc53/Locustella davidi/2.wav,Locustella davidi,2,19.215
data/raw/ibc53/Locustella davidi/3.wav,Locustella davidi,3,29.301
data/raw/ibc53/Locustella davidi/4.wav,Locustella davidi,4,37.608
data/raw/ibc53/Locustella davidi/5.wav,Locustella davidi,5,27.757
data/raw/ibc53/Locustella davidi/6.wav,Locustella davidi,6,41.784
data/raw/ibc53/Locustella davidi/7.wav,Locustella davidi,7,17.330
data/raw/ibc53/Locustella davidi/8.wav,Locustella davidi,8,6.400
data/raw/ibc53/Loriculus vernalis/1.wav,Loriculus vernalis,1,45.912
data/raw/ibc53/Loriculus vernalis/2.wav,Loriculus vernalis,2,5.407
data/raw/ibc53/Loriculus vernalis/3.wav,Loriculus vernalis,3,1.567
data/raw/ibc53/Loriculus vernalis/4.wav,Loriculus vernalis,4,2.403
data/raw/ibc53/Loriculus vernalis/5.wav,Loriculus vernalis,5,26.645
data/raw/ibc53/Loriculus vernalis/6.wav,Loriculus vernalis,6,11.050
data/raw/ibc53/Loriculus vernalis/7.wav,Loriculus vernalis,7,9.796
data/raw/ibc53/Loriculus vernalis/8.wav,Loriculus vernalis,8,43.050
data/raw/ibc53/Loriculus vernalis/9.wav,Loriculus vernalis,9,9.117
data/raw/ibc53/Loriculus vernalis/10.wav,Loriculus vernalis,10,67.753
data/raw/ibc53/Loriculus vernalis/11.wav,Loriculus vernalis,11,9.744
data/raw/ibc53/Loriculus vernalis/12.wav,Loriculus vernalis,12,3.919
data/raw/ibc53/Loriculus vernalis/13.wav,Loriculus vernalis,13,1.804
data/raw/ibc53/Loriculus vernalis/14.wav,Loriculus vernalis,14,18.624
data/raw/ibc53/Loriculus vernalis/15.wav,Loriculus vernalis,15,22.047
data/raw/ibc53/Loriculus vernalis/16.wav,Loriculus vernalis,16,28.056
data/raw/ibc53/Loriculus vernalis/17.wav,Loriculus vernalis,17,9.195
data/raw/ibc53/Loriculus vernalis/18.wav,Loriculus vernalis,18,40.385
data/raw/ibc53/Loriculus vernalis/19.wav,Loriculus vernalis,19,19.931
data/raw/ibc53/Loriculus vernalis/20.wav,Loriculus vernalis,20,16.752
data/raw/ibc53/Loriculus vernalis/21.wav,Loriculus vernalis,21,20.160
data/raw/ibc53/Loriculus vernalis/22.wav,Loriculus vernalis,22,34.032
data/raw/ibc53/Loriculus vernalis/23.wav,Loriculus vernalis,23,11.782
data/raw/ibc53/Loriculus vernalis/24.wav,Loriculus vernalis,24,12.775
data/raw/ibc53/Loriculus vernalis/25.wav,Loriculus vernalis,25,54.414
data/raw/ibc53/Loriculus vernalis/26.wav,Loriculus vernalis,26,46.003
data/raw/ibc53/Loriculus vernalis/27.wav,Loriculus vernalis,27,102.401
data/raw/ibc53/Loriculus vernalis/28.wav,Loriculus vernalis,28,66.300
data/raw/ibc53/Loriculus vernalis/29.wav,Loriculus vernalis,29,46.995
data/raw/ibc53/Loriculus vernalis/30.wav,Loriculus vernalis,30,6.532
data/raw/ibc53/Loriculus vernalis/31.wav,Loriculus vernalis,31,3.665
data/raw/ibc53/Loriculus vernalis/32.wav,Loriculus vernalis,32,10.094
data/raw/ibc53/Loriculus vernalis/33.wav,Loriculus vernalis,33,12.457
data/raw/ibc53/Loriculus vernalis/34.wav,Loriculus vernalis,34,4.291
data/raw/ibc53/Macronus gularis/1.wav,Macronus gularis,1,18.704
data/raw/ibc53/Macronus gularis/2.wav,Macronus gularis,2,8.020
data/raw/ibc53/Macronus gularis/3.wav,Macronus gularis,3,37.251
data/raw/ibc53/Macronus gularis/4.wav,Macronus gularis,4,48.771
data/raw/ibc53/Macronus gularis/5.wav,Macronus gularis,5,31.060
data/raw/ibc53/Macronus gularis/6.wav,Macronus gularis,6,30.171
data/raw/ibc53/Macronus gularis/7.wav,Macronus gularis,7,27.298
data/raw/ibc53/Macronus gularis/8.wav,Macronus gularis,8,33.149
data/raw/ibc53/Macronus gularis/9.wav,Macronus gularis,9,13.714
data/raw/ibc53/Macronus gularis/10.wav,Macronus gularis,10,9.796
data/raw/ibc53/Macronus gularis/11.wav,Macronus gularis,11,20.016
data/raw/ibc53/Macronus gularis/12.wav,Macronus gularis,12,14.857
data/raw/ibc53/Macronus gularis/13.wav,Macronus gularis,13,18.648
data/raw/ibc53/Macronus gularis/14.wav,Macronus gularis,14,8.908
data/raw/ibc53/Macronus gularis/15.wav,Macronus gularis,15,26.560
data/raw/ibc53/Macronus gularis/16.wav,Macronus gularis,16,40.490
data/raw/ibc53/Macronus gularis/17.wav,Macronus gularis,17,93.100
data/raw/ibc53/Macronus gularis/18.wav,Macronus gularis,18,8.960
data/raw/ibc53/Macronus gularis/19.wav,Macronus gularis,19,20.637
data/raw/ibc53/Macronus gularis/20.wav,Macronus gularis,20,21.096
data/raw/ibc53/Macronus gularis/21.wav,Macronus gularis,21,87.562
data/raw/ibc53/Macronus gularis/22.wav,Macronus gularis,22,22.387
data/raw/ibc53/Macronus gularis/23.wav,Macronus gularis,23,35.389
data/raw/ibc53/Macronus gularis/24.wav,Macronus gularis,24,19.285
data/raw/ibc53/Motacilla citreola/1.wav,Motacilla citreola,1,17.424
data/raw/ibc53/Motacilla citreola/2.wav,Motacilla citreola,2,2.976
data/raw/ibc53/Motacilla citreola/3.wav,Motacilla citreola,3,11.856
data/raw/ibc53/Motacilla citreola/4.wav,Motacilla citreola,4,5.616
data/raw/ibc53/Motacilla citreola/5.wav,Motacilla citreola,5,15.830
data/raw/ibc53/Motacilla citreola/6.wav,Motacilla citreola,6,19.111
data/raw/ibc53/Motacilla citreola/7.wav,Motacilla citreola,7,12.057
data/raw/ibc53/Motacilla citreola/8.wav,Motacilla citreola,8,2.788
data/raw/ibc53/Motacilla citreola/9.wav,Motacilla citreola,9,8.098
data/raw/ibc53/Motacilla citreola/10.wav,Motacilla citreola,10,27.282
data/raw/ibc53/Motacilla citreola/11.wav,Motacilla citreola,11,3.866
data/raw/ibc53/Motacilla citreola/12.wav,Motacilla citreola,12,3.239
data/raw/ibc53/Motacilla citreola/13.wav,Motacilla citreola,13,23.328
data/raw/ibc53/Motacilla citreola/14.wav,Motacilla citreola,14,92.400
data/raw/ibc53/Motacilla citreola/15.wav,Motacilla citreola,15,9.484
data/raw/ibc53/Motacilla citreola/16.wav,Motacilla citreola,16,16.016
data/raw/ibc53/Motacilla citreola/17.wav,Motacilla citreola,17,16.820
data/raw/ibc53/Motacilla citreola/18.wav,Motacilla citreola,18,29.094
data/raw/ibc53/Motacilla citreola/19.wav,Motacilla citreola,19,3.340
data/raw/ibc53/Mystery mystery/1.wav,Mystery mystery,1,74.088
data/raw/ibc53/Mystery mystery/2.wav,Mystery mystery,2,33.045
data/raw/ibc53/Mystery mystery/3.wav,Mystery mystery,3,14.446
data/raw/ibc53/Mystery mystery/4.wav,Mystery mystery,4,26.261
data/raw/ibc53/Mystery mystery/5.wav,Mystery mystery,5,60.624
data/raw/ibc53/Mystery mystery/6.wav,Mystery mystery,6,33.744
data/raw/ibc53/Mystery mystery/7.wav,Mystery mystery,7,76.669
data/raw/ibc53/Mystery mystery/8.wav,Mystery mystery,8,17.424
data/raw/ibc53/Mystery mystery/9.wav,Mystery mystery,9,155.412
data/raw/ibc53/Mystery mystery/10.wav,Mystery mystery,10,3.319
data/raw/ibc53/Mystery mystery/11.wav,Mystery mystery,11,111.996
data/raw/ibc53/Mystery mystery/12.wav,Mystery mystery,12,7.288
data/raw/ibc53/Mystery mystery/13.wav,Mystery mystery,13,8.684
data/raw/ibc53/Mystery mystery/14.wav,Mystery mystery,14,7.210
data/raw/ibc53/Mystery mystery/15.wav,Mystery mystery,15,10.501
data/raw/ibc53/Mystery mystery/16.wav,Mystery mystery,16,124.596
data/raw/ibc53/Mystery mystery/17.wav,Mystery mystery,17,105.840
data/raw/ibc53/Mystery mystery/18.wav,Mystery mystery,18,34.920
data/raw/ibc53/Mystery mystery/19.wav,Mystery mystery,19,231.978
data/raw/ibc53/Mystery mystery/20.wav,Mystery mystery,20,42.893
data/raw/ibc53/Mystery mystery/21.wav,Mystery mystery,21,14.576
data/raw/ibc53/Mystery mystery/22.wav,Mystery mystery,22,10.424
data/raw/ibc53/Mystery mystery/23.wav,Mystery mystery,23,11.468
data/raw/ibc53/Mystery mystery/24.wav,Mystery mystery,24,35.496
data/raw/ibc53/Mystery mystery/25.wav,Mystery mystery,25,143.172
data/raw/ibc53/Mystery mystery/26.wav,Mystery mystery,26,10.136
data/raw/ibc53/Mystery mystery/27.wav,Mystery mystery,27,12.480
data/raw/ibc53/Mystery mystery/28.wav,Mystery mystery,28,10.057
data/raw/ibc53/Mystery mystery/29.wav,Mystery mystery,29,9.979
data/raw/ibc53/Mystery mystery/30.wav,Mystery mystery,30,10.606
data/raw/ibc53/Mystery mystery/31.wav,Mystery mystery,31,8.359
data/raw/ibc53/Mystery mystery/32.wav,Mystery mystery,32,14.367
data/raw/ibc53/Mystery mystery/33.wav,Mystery mystery,33,16.223
data/raw/ibc53/Mystery mystery/34.wav,Mystery mystery,34,65.675
data/raw/ibc53/Mystery mystery/35.wav,Mystery mystery,35,107.712
data/raw/ibc53/Mystery mystery/36.wav,Mystery mystery,36,15.695
data/raw/ibc53/Mystery mystery/37.wav,Mystery mystery,37,30.881
data/raw/ibc53/Mystery mystery/38.wav,Mystery mystery,38,128.471
data/raw/ibc53/Mystery mystery/39.wav,Mystery mystery,39,128.471
data/raw/ibc53/Mystery mystery/40.wav,Mystery mystery,40,26.932
data/raw/ibc53/Mystery mystery/41.wav,Mystery mystery,41,66.903
data/raw/ibc53/Mystery mystery/42.wav,Mystery mystery,42,33.768
data/raw/ibc53/Mystery mystery/43.wav,Mystery mystery,43,200.628
data/raw/ibc53/Mystery mystery/44.wav,Mystery mystery,44,4.894
data/raw/ibc53/Mystery mystery/45.wav,Mystery mystery,45,2.967
data/raw/ibc53/Mystery mystery/46.wav,Mystery mystery,46,31.615
data/raw/ibc53/Mystery mystery/47.wav,Mystery mystery,47,10.762
data/raw/ibc53/Mystery mystery/48.wav,Mystery mystery,48,6.844
data/raw/ibc53/Mystery mystery/49.wav,Mystery mystery,49,8.620
data/raw/ibc53/Mystery mystery/50.wav,Mystery mystery,50,10.683
data/raw/ibc53/Mystery mystery/51.wav,Mystery mystery,51,9.099
data/raw/ibc53/Mystery mystery/52.wav,Mystery mystery,52,3.084
data/raw/ibc53/Mystery mystery/53.wav,Mystery mystery,53,18.459
data/raw/ibc53/Mystery mystery/54.wav,Mystery mystery,54,8.408
data/raw/ibc53/Mystery mystery/55.wav,Mystery mystery,55,52.520
data/raw/ibc53/Mystery mystery/56.wav,Mystery mystery,56,62.520
data/raw/ibc53/Mystery mystery/57.wav,Mystery mystery,57,7.549
data/raw/ibc53/Mystery mystery/58.wav,Mystery mystery,58,26.469
data/raw/ibc53/Mystery mystery/59.wav,Mystery mystery,59,19.752
data/raw/ibc53/Mystery mystery/60.wav,Mystery mystery,60,35.520
data/raw/ibc53/Mystery mystery/61.wav,Mystery mystery,61,15.192
data/raw/ibc53/Mystery mystery/62.wav,Mystery mystery,62,105.300
data/raw/ibc53/Mystery mystery/63.wav,Mystery mystery,63,25.920
data/raw/ibc53/Mystery mystery/64.wav,Mystery mystery,64,13.347
data/raw/ibc53/Mystery mystery/65.wav,Mystery mystery,65,3.370
data/raw/ibc53/Mystery mystery/66.wav,Mystery mystery,66,16.980
data/raw/ibc53/Mystery mystery/67.wav,Mystery mystery,67,32.967
data/raw/ibc53/Mystery mystery/68.wav,Mystery mystery,68,4.650
data/raw/ibc53/Mystery mystery/69.wav,Mystery mystery,69,4.347
data/raw/ibc53/Mystery mystery/70.wav,Mystery mystery,70,11.600
data/raw/ibc53/Mystery mystery/71.wav,Mystery mystery,71,10.619
data/raw/ibc53/Mystery mystery/72.wav,Mystery mystery,72,20.740
data/raw/ibc53/Mystery mystery/73.wav,Mystery mystery,73,12.960
data/raw/ibc53/Mystery mystery/74.wav,Mystery mystery,74,9.048
data/raw/ibc53/Mystery mystery/75.wav,Mystery mystery,75,30.697
data/raw/ibc53/Mystery mystery/76.wav,Mystery mystery,76,15.840
data/raw/ibc53/Mystery mystery/77.wav,Mystery mystery,77,13.531
data/raw/ibc53/Mystery mystery/78.wav,Mystery mystery,78,16.480
data/raw/ibc53/Mystery mystery/79.wav,Mystery mystery,79,4.206
data/raw/ibc53/Mystery mystery/80.wav,Mystery mystery,80,20.832
data/raw/ibc53/Mystery mystery/81.wav,Mystery mystery,81,21.192
data/raw/ibc53/Mystery mystery/82.wav,Mystery mystery,82,40.032
data/raw/ibc53/Mystery mystery/83.wav,Mystery mystery,83,32.863
data/raw/ibc53/Mystery mystery/84.wav,Mystery mystery,84,21.570
data/raw/ibc53/Mystery mystery/85.wav,Mystery mystery,85,35.640
data/raw/ibc53/Mystery mystery/86.wav,Mystery mystery,86,50.160
data/raw/ibc53/Mystery mystery/87.wav,Mystery mystery,87,16.692
data/raw/ibc53/Mystery mystery/88.wav,Mystery mystery,88,17.764
data/raw/ibc53/Mystery mystery/89.wav,Mystery mystery,89,18.731
data/raw/ibc53/Mystery mystery/90.wav,Mystery mystery,90,5.857
data/raw/ibc53/Mystery mystery/91.wav,Mystery mystery,91,35.056
data/raw/ibc53/Mystery mystery/92.wav,Mystery mystery,92,27.185
data/raw/ibc53/Mystery mystery/93.wav,Mystery mystery,93,61.597
data/raw/ibc53/Mystery mystery/94.wav,Mystery mystery,94,13.759
data/raw/ibc53/Mystery mystery/95.wav,Mystery mystery,95,24.029
data/raw/ibc53/Mystery mystery/96.wav,Mystery mystery,96,10.948
data/raw/ibc53/Mystery mystery/97.wav,Mystery mystery,97,10.084
data/raw/ibc53/Mystery mystery/98.wav,Mystery mystery,98,9.444
data/raw/ibc53/Mystery mystery/99.wav,Mystery mystery,99,8.995
data/raw/ibc53/Mystery mystery/100.wav,Mystery mystery,100,8.409
data/raw/ibc53/Mystery mystery/101.wav,Mystery mystery,101,6.792
data/raw/ibc53/Mystery mystery/102.wav,Mystery mystery,102,16.431
data/raw/ibc53/Mystery mystery/103.wav,Mystery mystery,103,9.384
data/raw/ibc53/Mystery mystery/104.wav,Mystery mystery,104,5.712
data/raw/ibc53/Mystery mystery/105.wav,Mystery mystery,105,16.118
data/raw/ibc53/Mystery mystery/106.wav,Mystery mystery,106,11.376
data/raw/ibc53/Mystery mystery/107.wav,Mystery mystery,107,28.891
data/raw/ibc53/Mystery mystery/108.wav,Mystery mystery,108,6.139
data/raw/ibc53/Mystery mystery/109.wav,Mystery mystery,109,31.104
data/raw/ibc53/Mystery mystery/110.wav,Mystery mystery,110,147.099
data/raw/ibc53/Mystery mystery/111.wav,Mystery mystery,111,16.092
data/raw/ibc53/Mystery mystery/112.wav,Mystery mystery,112,27.520
data/raw/ibc53/Mystery mystery/113.wav,Mystery mystery,113,2.248
data/raw/ibc53/Mystery mystery/114.wav,Mystery mystery,114,11.938
data/raw/ibc53/Mystery mystery/115.wav,Mystery mystery,115,99.918
data/raw/ibc53/Mystery mystery/116.wav,Mystery mystery,116,68.362
data/raw/ibc53/Mystery mystery/117.wav,Mystery mystery,117,34.586
data/raw/ibc53/Mystery mystery/118.wav,Mystery mystery,118,29.760
data/raw/ibc53/Mystery mystery/119.wav,Mystery mystery,119,33.228
data/raw/ibc53/Mystery mystery/120.wav,Mystery mystery,120,46.002
data/raw/ibc53/Mystery mystery/121.wav,Mystery mystery,121,30.354
data/raw/ibc53/Mystery mystery/122.wav,Mystery mystery,122,33.123
data/raw/ibc53/Mystery mystery/123.wav,Mystery mystery,123,23.536
data/raw/ibc53/Mystery mystery/124.wav,Mystery mystery,124,85.368
data/raw/ibc53/Mystery mystery/125.wav,Mystery mystery,125,72.360
data/raw/ibc53/Mystery mystery/126.wav,Mystery mystery,126,40.072
data/raw/ibc53/Mystery mystery/127.wav,Mystery mystery,127,181.265
data/raw/ibc53/Mystery mystery/128.wav,Mystery mystery,128,57.536
data/raw/ibc53/Mystery mystery/129.wav,Mystery mystery,129,12.460
data/raw/ibc53/Mystery mystery/130.wav,Mystery mystery,130,2.727
data/raw/ibc53/Mystery mystery/131.wav,Mystery mystery,131,1.855
data/raw/ibc53/Mystery mystery/132.wav,Mystery mystery,132,3.163
data/raw/ibc53/Mystery mystery/133.wav,Mystery mystery,133,1.761
data/raw/ibc53/Mystery mystery/134.wav,Mystery mystery,134,2.044
data/raw/ibc53/Mystery mystery/135.wav,Mystery mystery,135,5.155
data/raw/ibc53/Mystery mystery/136.wav,Mystery mystery,136,5.159
data/raw/ibc53/Mystery mystery/137.wav,Mystery mystery,137,2.198
data/raw/ibc53/Mystery mystery/138.wav,Mystery mystery,138,6.302
data/raw/ibc53/Mystery mystery/139.wav,Mystery mystery,139,3.488
data/raw/ibc53/Mystery mystery/140.wav,Mystery mystery,140,2.996
data/raw/ibc53/Mystery mystery/141.wav,Mystery mystery,141,3.630
data/raw/ibc53/Mystery mystery/142.wav,Mystery mystery,142,9.794
data/raw/ibc53/Mystery mystery/143.wav,Mystery mystery,143,5.129
data/raw/ibc53/Mystery mystery/144.wav,Mystery mystery,144,2.819
data/raw/ibc53/Mystery mystery/145.wav,Mystery mystery,145,2.419
data/raw/ibc53/Mystery mystery/146.wav,Mystery mystery,146,15.060
data/raw/ibc53/Mystery mystery/147.wav,Mystery mystery,147,14.241
data/raw/ibc53/Mystery mystery/148.wav,Mystery mystery,148,13.357
data/raw/ibc53/Mystery mystery/149.wav,Mystery mystery,149,13.144
data/raw/ibc53/Mystery mystery/150.wav,Mystery mystery,150,11.181
data/raw/ibc53/Mystery mystery/151.wav,Mystery mystery,151,9.266
data/raw/ibc53/Mystery mystery/152.wav,Mystery mystery,152,7.648
data/raw/ibc53/Mystery mystery/153.wav,Mystery mystery,153,6.151
data/raw/ibc53/Mystery mystery/154.wav,Mystery mystery,154,4.990
data/raw/ibc53/Mystery mystery/155.wav,Mystery mystery,155,4.306
data/raw/ibc53/Mystery mystery/156.wav,Mystery mystery,156,4.484
data/raw/ibc53/Mystery mystery/157.wav,Mystery mystery,157,3.686
data/raw/ibc53/Mystery mystery/158.wav,Mystery mystery,158,5.579
data/raw/ibc53/Mystery mystery/159.wav,Mystery mystery,159,5.889
data/raw/ibc53/Mystery mystery/160.wav,Mystery mystery,160,5.176
data/raw/ibc53/Mystery mystery/161.wav,Mystery mystery,161,9.404
data/raw/ibc53/Mystery mystery/162.wav,Mystery mystery,162,27.638
data/raw/ibc53/Mystery mystery/163.wav,Mystery mystery,163,31.012
data/raw/ibc53/Mystery mystery/164.wav,Mystery mystery,164,4.420
data/raw/ibc53/Mystery mystery/165.wav,Mystery mystery,165,7.505
data/raw/ibc53/Mystery mystery/166.wav,Mystery mystery,166,3.771
data/raw/ibc53/Mystery mystery/167.wav,Mystery mystery,167,9.622
data/raw/ibc53/Mystery mystery/168.wav,Mystery mystery,168,6.017
data/raw/ibc53/Mystery mystery/169.wav,Mystery mystery,169,2.249
data/raw/ibc53/Mystery mystery/170.wav,Mystery mystery,170,3.422
data/raw/ibc53/Mystery mystery/171.wav,Mystery mystery,171,7.417
data/raw/ibc53/Mystery mystery/172.wav,Mystery mystery,172,13.480
data/raw/ibc53/Mystery mystery/173.wav,Mystery mystery,173,17.145
data/raw/ibc53/Mystery mystery/174.wav,Mystery mystery,174,11.076
data/raw/ibc53/Mystery mystery/175.wav,Mystery mystery,175,8.568
data/raw/ibc53/Mystery mystery/176.wav,Mystery mystery,176,3.856
data/raw/ibc53/Mystery mystery/177.wav,Mystery mystery,177,6.758
data/raw/ibc53/Mystery mystery/178.wav,Mystery mystery,178,12.460
data/raw/ibc53/Mystery mystery/179.wav,Mystery mystery,179,6.008
data/raw/ibc53/Mystery mystery/180.wav,Mystery mystery,180,7.362
data/raw/ibc53/Mystery mystery/181.wav,Mystery mystery,181,6.816
data/raw/ibc53/Mystery mystery/182.wav,Mystery mystery,182,6.551
data/raw/ibc53/Mystery mystery/183.wav,Mystery mystery,183,9.305
data/raw/ibc53/Mystery mystery/184.wav,Mystery mystery,184,11.744
data/raw/ibc53/Mystery mystery/185.wav,Mystery mystery,185,3.315
data/raw/ibc53/Mystery mystery/186.wav,Mystery mystery,186,5.626
data/raw/ibc53/Mystery mystery/187.wav,Mystery mystery,187,9.569
data/raw/ibc53/Mystery mystery/188.wav,Mystery mystery,188,3.173
data/raw/ibc53/Mystery mystery/189.wav,Mystery mystery,189,8.662
data/raw/ibc53/Mystery mystery/190.wav,Mystery mystery,190,4.402
data/raw/ibc53/Mystery mystery/191.wav,Mystery mystery,191,4.340
data/raw/ibc53/Mystery mystery/192.wav,Mystery mystery,192,3.332
data/raw/ibc53/Mystery mystery/193.wav,Mystery mystery,193,3.522
data/raw/ibc53/Mystery mystery/194.wav,Mystery mystery,194,14.696
data/raw/ibc53/Mystery mystery/195.wav,Mystery mystery,195,64.983
data/raw/ibc53/Mystery mystery/196.wav,Mystery mystery,196,3.582
data/raw/ibc53/Mystery mystery/197.wav,Mystery mystery,197,18.363
data/raw/ibc53/Mystery mystery/198.wav,Mystery mystery,198,22.067
data/raw/ibc53/Mystery mystery/199.wav,Mystery mystery,199,11.495
data/raw/ibc53/Mystery mystery/200.wav,Mystery mystery,200,3.103
data/raw/ibc53/Mystery mystery/201.wav,Mystery mystery,201,3.204
data/raw/ibc53/Mystery mystery/202.wav,Mystery mystery,202,12.738
data/raw/ibc53/Mystery mystery/203.wav,Mystery mystery,203,6.885
data/raw/ibc53/Mystery mystery/204.wav,Mystery mystery,204,4.082
data/raw/ibc53/Mystery mystery/205.wav,Mystery mystery,205,3.305
data/raw/ibc53/Mystery mystery/206.wav,Mystery mystery,206,10.675
data/raw/ibc53/Mystery mystery/207.wav,Mystery mystery,207,9.154
data/raw/ibc53/Mystery mystery/208.wav,Mystery mystery,208,12.948
data/raw/ibc53/Mystery mystery/209.wav,Mystery mystery,209,4.112
data/raw/ibc53/Mystery mystery/210.wav,Mystery mystery,210,4.266
data/raw/ibc53/Mystery mystery/211.wav,Mystery mystery,211,6.931
data/raw/ibc53/Mystery mystery/212.wav,Mystery mystery,212,5.231
data/raw/ibc53/Mystery mystery/213.wav,Mystery mystery,213,5.087
data/raw/ibc53/Mystery mystery/214.wav,Mystery mystery,214,4.295
data/raw/ibc53/Mystery mystery/215.wav,Mystery mystery,215,16.824
data/raw/ibc53/Mystery mystery/216.wav,Mystery mystery,216,12.529
data/raw/ibc53/Mystery mystery/217.wav,Mystery mystery,217,47.704
data/raw/ibc53/Mystery mystery/218.wav,Mystery mystery,218,5.203
data/raw/ibc53/Mystery mystery/219.wav,Mystery mystery,219,7.939
data/raw/ibc53/Mystery mystery/220.wav,Mystery mystery,220,5.351
data/raw/ibc53/Mystery mystery/221.wav,Mystery mystery,221,1.202
data/raw/ibc53/Mystery mystery/222.wav,Mystery mystery,222,47.203
data/raw/ibc53/Mystery mystery/223.wav,Mystery mystery,223,66.560
data/raw/ibc53/Mystery mystery/224.wav,Mystery mystery,224,47.101
data/raw/ibc53/Mystery mystery/225.wav,Mystery mystery,225,14.865
data/raw/ibc53/Mystery mystery/226.wav,Mystery mystery,226,22.622
data/raw/ibc53/Mystery mystery/227.wav,Mystery mystery,227,12.203
data/raw/ibc53/Mystery mystery/228.wav,Mystery mystery,228,45.100
data/raw/ibc53/Mystery mystery/229.wav,Mystery mystery,229,25.574
data/raw/ibc53/Mystery mystery/230.wav,Mystery mystery,230,9.169
data/raw/ibc53/Mystery mystery/231.wav,Mystery mystery,231,66.064
data/raw/ibc53/Mystery mystery/232.wav,Mystery mystery,232,41.665
data/raw/ibc53/Mystery mystery/233.wav,Mystery mystery,233,17.607
data/raw/ibc53/Mystery mystery/234.wav,Mystery mystery,234,51.122
data/raw/ibc53/Mystery mystery/235.wav,Mystery mystery,235,4.989
data/raw/ibc53/Mystery mystery/236.wav,Mystery mystery,236,2.325
data/raw/ibc53/Mystery mystery/237.wav,Mystery mystery,237,17.006
data/raw/ibc53/Mystery mystery/238.wav,Mystery mystery,238,21.336
data/raw/ibc53/Mystery mystery/239.wav,Mystery mystery,239,40.368
data/raw/ibc53/Mystery mystery/240.wav,Mystery mystery,240,87.048
data/raw/ibc53/Mystery mystery/241.wav,Mystery mystery,241,17.972
data/raw/ibc53/Mystery mystery/242.wav,Mystery mystery,242,27.533
data/raw/ibc53/Mystery mystery/243.wav,Mystery mystery,243,26.908
data/raw/ibc53/Mystery mystery/244.wav,Mystery mystery,244,12.906
data/raw/ibc53/Mystery mystery/245.wav,Mystery mystery,245,39.262
data/raw/ibc53/Mystery mystery/246.wav,Mystery mystery,246,85.134
data/raw/ibc53/Mystery mystery/247.wav,Mystery mystery,247,46.002
data/raw/ibc53/Mystery mystery/248.wav,Mystery mystery,248,30.354
data/raw/ibc53/Mystery mystery/249.wav,Mystery mystery,249,23.536
data/raw/ibc53/Mystery mystery/250.wav,Mystery mystery,250,85.368
data/raw/ibc53/Mystery mystery/251.wav,Mystery mystery,251,23.902
data/raw/ibc53/Mystery mystery/252.wav,Mystery mystery,252,10.367
data/raw/ibc53/Mystery mystery/253.wav,Mystery mystery,253,42.893
data/raw/ibc53/Mystery mystery/254.wav,Mystery mystery,254,10.012
data/raw/ibc53/Mystery mystery/255.wav,Mystery mystery,255,35.041
data/raw/ibc53/Mystery mystery/256.wav,Mystery mystery,256,130.603
data/raw/ibc53/Mystery mystery/257.wav,Mystery mystery,257,64.704
data/raw/ibc53/Mystery mystery/258.wav,Mystery mystery,258,96.619
data/raw/ibc53/Mystery mystery/259.wav,Mystery mystery,259,14.211
data/raw/ibc53/Mystery mystery/260.wav,Mystery mystery,260,4.104
data/raw/ibc53/Mystery mystery/261.wav,Mystery mystery,261,49.776
data/raw/ibc53/Mystery mystery/262.wav,Mystery mystery,262,12.408
data/raw/ibc53/Mystery mystery/263.wav,Mystery mystery,263,16.013
data/raw/ibc53/Mystery mystery/264.wav,Mystery mystery,264,27.037
data/raw/ibc53/Mystery mystery/265.wav,Mystery mystery,265,4.754
data/raw/ibc53/Mystery mystery/266.wav,Mystery mystery,266,26.358
data/raw/ibc53/Mystery mystery/267.wav,Mystery mystery,267,112.562
data/raw/ibc53/Mystery mystery/268.wav,Mystery mystery,268,61.048
data/raw/ibc53/Mystery mystery/269.wav,Mystery mystery,269,39.628
data/raw/ibc53/Mystery mystery/270.wav,Mystery mystery,270,37.956
data/raw/ibc53/Mystery mystery/271.wav,Mystery mystery,271,38.087
data/raw/ibc53/Mystery mystery/272.wav,Mystery mystery,272,7.561
data/raw/ibc53/Mystery mystery/273.wav,Mystery mystery,273,36.555
data/raw/ibc53/Mystery mystery/274.wav,Mystery mystery,274,14.954
data/raw/ibc53/Mystery mystery/275.wav,Mystery mystery,275,7.105
data/raw/ibc53/Mystery mystery/276.wav,Mystery mystery,276,12.069
data/raw/ibc53/Mystery mystery/277.wav,Mystery mystery,277,14.054
data/raw/ibc53/Mystery mystery/278.wav,Mystery mystery,278,14.577
data/raw/ibc53/Mystery mystery/279.wav,Mystery mystery,279,27.551
data/raw/ibc53/Mystery mystery/280.wav,Mystery mystery,280,41.883
data/raw/ibc53/Mystery mystery/281.wav,Mystery mystery,281,12.745
data/raw/ibc53/Mystery mystery/282.wav,Mystery mystery,282,13.118
data/raw/ibc53/Mystery mystery/283.wav,Mystery mystery,283,14.895
data/raw/ibc53/Mystery mystery/284.wav,Mystery mystery,284,27.794
data/raw/ibc53/Mystery mystery/285.wav,Mystery mystery,285,32.592
data/raw/ibc53/Mystery mystery/286.wav,Mystery mystery,286,17.640
data/raw/ibc53/Mystery mystery/287.wav,Mystery mystery,287,42.032
data/raw/ibc53/Mystery mystery/288.wav,Mystery mystery,288,30.510
data/raw/ibc53/Mystery mystery/289.wav,Mystery mystery,289,5.084
data/raw/ibc53/Mystery mystery/290.wav,Mystery mystery,290,7.765
data/raw/ibc53/Mystery mystery/291.wav,Mystery mystery,291,21.577
data/raw/ibc53/Mystery mystery/292.wav,Mystery mystery,292,7.957
data/raw/ibc53/Mystery mystery/293.wav,Mystery mystery,293,16.387
data/raw/ibc53/Mystery mystery/294.wav,Mystery mystery,294,13.740
data/raw/ibc53/Mystery mystery/295.wav,Mystery mystery,295,9.040
data/raw/ibc53/Mystery mystery/296.wav,Mystery mystery,296,91.246
data/raw/ibc53/Mystery mystery/297.wav,Mystery mystery,297,94.177
data/raw/ibc53/Mystery mystery/298.wav,Mystery mystery,298,27.707
data/raw/ibc53/Mystery mystery/299.wav,Mystery mystery,299,13.225
data/raw/ibc53/Mystery mystery/300.wav,Mystery mystery,300,207.177
data/raw/ibc53/Mystery mystery/301.wav,Mystery mystery,301,155.496
data/raw/ibc53/Mystery mystery/302.wav,Mystery mystery,302,27.707
data/raw/ibc53/Mystery mystery/303.wav,Mystery mystery,303,60.960
data/raw/ibc53/Mystery mystery/304.wav,Mystery mystery,304,69.960
data/raw/ibc53/Mystery mystery/305.wav,Mystery mystery,305,89.040
data/raw/ibc53/Mystery mystery/306.wav,Mystery mystery,306,60.768
data/raw/ibc53/Mystery mystery/307.wav,Mystery mystery,307,64.872
data/raw/ibc53/Mystery mystery/308.wav,Mystery mystery,308,12.906
data/raw/ibc53/Mystery mystery/309.wav,Mystery mystery,309,44.539
data/raw/ibc53/Mystery mystery/310.wav,Mystery mystery,310,76.267
data/raw/ibc53/Mystery mystery/311.wav,Mystery mystery,311,66.873
data/raw/ibc53/Mystery mystery/312.wav,Mystery mystery,312,90.024
data/raw/ibc53/Mystery mystery/313.wav,Mystery mystery,313,28.704
data/raw/ibc53/Mystery mystery/314.wav,Mystery mystery,314,61.885
data/raw/ibc53/Mystery mystery/315.wav,Mystery mystery,315,21.177
data/raw/ibc53/Mystery mystery/316.wav,Mystery mystery,316,18.390
data/raw/ibc53/Mystery mystery/317.wav,Mystery mystery,317,8.545
data/raw/ibc53/Mystery mystery/318.wav,Mystery mystery,318,21.920
data/raw/ibc53/Mystery mystery/319.wav,Mystery mystery,319,14.616
data/raw/ibc53/Mystery mystery/320.wav,Mystery mystery,320,37.534
data/raw/ibc53/Mystery mystery/321.wav,Mystery mystery,321,29.846
data/raw/ibc53/Mystery mystery/322.wav,Mystery mystery,322,68.304
data/raw/ibc53/Mystery mystery/323.wav,Mystery mystery,323,29.225
data/raw/ibc53/Mystery mystery/324.wav,Mystery mystery,324,59.533
data/raw/ibc53/Mystery mystery/325.wav,Mystery mystery,325,187.609
data/raw/ibc53/Mystery mystery/326.wav,Mystery mystery,326,22.152
data/raw/ibc53/Mystery mystery/327.wav,Mystery mystery,327,132.559
data/raw/ibc53/Mystery mystery/328.wav,Mystery mystery,328,81.833
data/raw/ibc53/Mystery mystery/329.wav,Mystery mystery,329,30.563
data/raw/ibc53/Mystery mystery/330.wav,Mystery mystery,330,10.475
data/raw/ibc53/Mystery mystery/331.wav,Mystery mystery,331,9.472
data/raw/ibc53/Mystery mystery/332.wav,Mystery mystery,332,183.066
data/raw/ibc53/Mystery mystery/333.wav,Mystery mystery,333,18.887
data/raw/ibc53/Mystery mystery/334.wav,Mystery mystery,334,19.278
data/raw/ibc53/Mystery mystery/335.wav,Mystery mystery,335,21.943
data/raw/ibc53/Mystery mystery/336.wav,Mystery mystery,336,293.851
data/raw/ibc53/Mystery mystery/337.wav,Mystery mystery,337,53.812
data/raw/ibc53/Mystery mystery/338.wav,Mystery mystery,338,74.754
data/raw/ibc53/Mystery mystery/339.wav,Mystery mystery,339,16.155
data/raw/ibc53/Mystery mystery/340.wav,Mystery mystery,340,37.992
data/raw/ibc53/Mystery mystery/341.wav,Mystery mystery,341,101.050
data/raw/ibc53/Mystery mystery/342.wav,Mystery mystery,342,36.843
data/raw/ibc53/Mystery mystery/343.wav,Mystery mystery,343,121.674
data/raw/ibc53/Mystery mystery/344.wav,Mystery mystery,344,22.168
data/raw/ibc53/Mystery mystery/345.wav,Mystery mystery,345,124.612
data/raw/ibc53/Mystery mystery/346.wav,Mystery mystery,346,4.000
data/raw/ibc53/Mystery mystery/347.wav,Mystery mystery,347,8.408
data/raw/ibc53/Mystery mystery/348.wav,Mystery mystery,348,50.957
data/raw/ibc53/Mystery mystery/349.wav,Mystery mystery,349,3.021
data/raw/ibc53/Mystery mystery/350.wav,Mystery mystery,350,17.345
data/raw/ibc53/Mystery mystery/351.wav,Mystery mystery,351,29.132
data/raw/ibc53/Mystery mystery/352.wav,Mystery mystery,352,15.956
data/raw/ibc53/Mystery mystery/353.wav,Mystery mystery,353,4.234
data/raw/ibc53/Mystery mystery/354.wav,Mystery mystery,354,19.360
data/raw/ibc53/Mystery mystery/355.wav,Mystery mystery,355,13.440
data/raw/ibc53/Mystery mystery/356.wav,Mystery mystery,356,14.689
data/raw/ibc53/Mystery mystery/357.wav,Mystery mystery,357,11.564
data/raw/ibc53/Mystery mystery/358.wav,Mystery mystery,358,12.804
data/raw/ibc53/Mystery mystery/359.wav,Mystery mystery,359,28.536
data/raw/ibc53/Mystery mystery/360.wav,Mystery mystery,360,130.440
data/raw/ibc53/Mystery mystery/361.wav,Mystery mystery,361,10.080
data/raw/ibc53/Mystery mystery/362.wav,Mystery mystery,362,39.264
data/raw/ibc53/Mystery mystery/363.wav,Mystery mystery,363,20.010
data/raw/ibc53/Mystery mystery/364.wav,Mystery mystery,364,57.526
data/raw/ibc53/Mystery mystery/365.wav,Mystery mystery,365,61.440
data/raw/ibc53/Mystery mystery/366.wav,Mystery mystery,366,2.371
data/raw/ibc53/Mystery mystery/367.wav,Mystery mystery,367,32.000
data/raw/ibc53/Mystery mystery/368.wav,Mystery mystery,368,43.494
data/raw/ibc53/Mystery mystery/369.wav,Mystery mystery,369,50.756
data/raw/ibc53/Mystery mystery/370.wav,Mystery mystery,370,34.247
data/raw/ibc53/Mystery mystery/371.wav,Mystery mystery,371,59.947
data/raw/ibc53/Mystery mystery/372.wav,Mystery mystery,372,19.098
data/raw/ibc53/Mystery mystery/373.wav,Mystery mystery,373,263.256
data/raw/ibc53/Mystery mystery/374.wav,Mystery mystery,374,75.266
data/raw/ibc53/Mystery mystery/375.wav,Mystery mystery,375,16.379
data/raw/ibc53/Mystery mystery/376.wav,Mystery mystery,376,49.898
data/raw/ibc53/Mystery mystery/377.wav,Mystery mystery,377,161.674
data/raw/ibc53/Mystery mystery/378.wav,Mystery mystery,378,31.513
data/raw/ibc53/Mystery mystery/379.wav,Mystery mystery,379,49.508
data/raw/ibc53/Mystery mystery/380.wav,Mystery mystery,380,15.273
data/raw/ibc53/Mystery mystery/381.wav,Mystery mystery,381,30.600
data/raw/ibc53/Mystery mystery/382.wav,Mystery mystery,382,42.000
data/raw/ibc53/Mystery mystery/383.wav,Mystery mystery,383,15.273
data/raw/ibc53/Mystery mystery/384.wav,Mystery mystery,384,49.508
data/raw/ibc53/Mystery mystery/385.wav,Mystery mystery,385,52.869
data/raw/ibc53/Mystery mystery/386.wav,Mystery mystery,386,70.018
data/raw/ibc53/Mystery mystery/387.wav,Mystery mystery,387,16.555
data/raw/ibc53/Mystery mystery/388.wav,Mystery mystery,388,16.300
data/raw/ibc53/Mystery mystery/389.wav,Mystery mystery,389,37.129
data/raw/ibc53/Mystery mystery/390.wav,Mystery mystery,390,39.019
data/raw/ibc53/Mystery mystery/391.wav,Mystery mystery,391,3.931
data/raw/ibc53/Mystery mystery/392.wav,Mystery mystery,392,5.616
data/raw/ibc53/Mystery mystery/393.wav,Mystery mystery,393,4.389
data/raw/ibc53/Mystery mystery/394.wav,Mystery mystery,394,27.063
data/raw/ibc53/Mystery mystery/395.wav,Mystery mystery,395,55.876
data/raw/ibc53/Mystery mystery/396.wav,Mystery mystery,396,8.124
data/raw/ibc53/Mystery mystery/397.wav,Mystery mystery,397,12.121
data/raw/ibc53/Mystery mystery/398.wav,Mystery mystery,398,12.904
data/raw/ibc53/Mystery mystery/399.wav,Mystery mystery,399,14.800
data/raw/ibc53/Mystery mystery/400.wav,Mystery mystery,400,18.903
data/raw/ibc53/Mystery mystery/401.wav,Mystery mystery,401,14.284
data/raw/ibc53/Mystery mystery/402.wav,Mystery mystery,402,6.809
data/raw/ibc53/Mystery mystery/403.wav,Mystery mystery,403,6.950
data/raw/ibc53/Mystery mystery/404.wav,Mystery mystery,404,3.000
data/raw/ibc53/Mystery mystery/405.wav,Mystery mystery,405,11.557
data/raw/ibc53/Mystery mystery/406.wav,Mystery mystery,406,68.199
data/raw/ibc53/Mystery mystery/407.wav,Mystery mystery,407,7.173
data/raw/ibc53/Mystery mystery/408.wav,Mystery mystery,408,11.064
data/raw/ibc53/Mystery mystery/409.wav,Mystery mystery,409,102.296
data/raw/ibc53/Mystery mystery/410.wav,Mystery mystery,410,179.833
data/raw/ibc53/Mystery mystery/411.wav,Mystery mystery,411,12.977
data/raw/ibc53/Mystery mystery/412.wav,Mystery mystery,412,51.413
data/raw/ibc53/Mystery mystery/413.wav,Mystery mystery,413,62.187
data/raw/ibc53/Mystery mystery/414.wav,Mystery mystery,414,152.052
data/raw/ibc53/Mystery mystery/415.wav,Mystery mystery,415,64.107
data/raw/ibc53/Mystery mystery/416.wav,Mystery mystery,416,5.585
data/raw/ibc53/Mystery mystery/417.wav,Mystery mystery,417,10.197
data/raw/ibc53/Mystery mystery/418.wav,Mystery mystery,418,24.816
data/raw/ibc53/Mystery mystery/419.wav,Mystery mystery,419,13.688
data/raw/ibc53/Mystery mystery/420.wav,Mystery mystery,420,12.251
data/raw/ibc53/Mystery mystery/421.wav,Mystery mystery,421,55.459
data/raw/ibc53/Mystery mystery/422.wav,Mystery mystery,422,23.576
data/raw/ibc53/Mystery mystery/423.wav,Mystery mystery,423,70.663
data/raw/ibc53/Mystery mystery/424.wav,Mystery mystery,424,7.124
data/raw/ibc53/Mystery mystery/425.wav,Mystery mystery,425,70.684
data/raw/ibc53/Mystery mystery/426.wav,Mystery mystery,426,79.917
data/raw/ibc53/Mystery mystery/427.wav,Mystery mystery,427,21.701
data/raw/ibc53/Mystery mystery/428.wav,Mystery mystery,428,132.607
data/raw/ibc53/Mystery mystery/429.wav,Mystery mystery,429,43.216
data/raw/ibc53/Mystery mystery/430.wav,Mystery mystery,430,9.330
data/raw/ibc53/Mystery mystery/431.wav,Mystery mystery,431,63.616
data/raw/ibc53/Mystery mystery/432.wav,Mystery mystery,432,74.544
data/raw/ibc53/Mystery mystery/433.wav,Mystery mystery,433,126.360
data/raw/ibc53/Mystery mystery/434.wav,Mystery mystery,434,15.520
data/raw/ibc53/Mystery mystery/435.wav,Mystery mystery,435,3.371
data/raw/ibc53/Mystery mystery/436.wav,Mystery mystery,436,2.687
data/raw/ibc53/Mystery mystery/437.wav,Mystery mystery,437,7.602
data/raw/ibc53/Mystery mystery/438.wav,Mystery mystery,438,8.506
data/raw/ibc53/Mystery mystery/439.wav,Mystery mystery,439,30.804
data/raw/ibc53/Mystery mystery/440.wav,Mystery mystery,440,5.717
data/raw/ibc53/Mystery mystery/441.wav,Mystery mystery,441,9.856
data/raw/ibc53/Mystery mystery/442.wav,Mystery mystery,442,146.951
data/raw/ibc53/Mystery mystery/443.wav,Mystery mystery,443,63.000
data/raw/ibc53/Paradoxornis guttaticollis/1.wav,Paradoxornis guttaticollis,1,60.918
data/raw/ibc53/Paradoxornis guttaticollis/2.wav,Paradoxornis guttaticollis,2,52.192
data/raw/ibc53/Paradoxornis guttaticollis/3.wav,Paradoxornis guttaticollis,3,14.860
data/raw/ibc53/Paradoxornis guttaticollis/4.wav,Paradoxornis guttaticollis,4,23.993
data/raw/ibc53/Pellorneum ruficeps/1.wav,Pellorneum ruficeps,1,18.991
data/raw/ibc53/Pellorneum ruficeps/2.wav,Pellorneum ruficeps,2,22.465
data/raw/ibc53/Pellorneum ruficeps/3.wav,Pellorneum ruficeps,3,23.136
data/raw/ibc53/Pellorneum ruficeps/4.wav,Pellorneum ruficeps,4,12.931
data/raw/ibc53/Pellorneum ruficeps/5.wav,Pellorneum ruficeps,5,51.174
data/raw/ibc53/Pellorneum ruficeps/6.wav,Pellorneum ruficeps,6,6.844
data/raw/ibc53/Pellorneum ruficeps/7.wav,Pellorneum ruficeps,7,28.656
data/raw/ibc53/Pellorneum ruficeps/8.wav,Pellorneum ruficeps,8,113.398
data/raw/ibc53/Pellorneum ruficeps/9.wav,Pellorneum ruficeps,9,53.995
data/raw/ibc53/Pellorneum ruficeps/10.wav,Pellorneum ruficeps,10,26.149
data/raw/ibc53/Pellorneum ruficeps/11.wav,Pellorneum ruficeps,11,47.712
data/raw/ibc53/Pellorneum ruficeps/12.wav,Pellorneum ruficeps,12,17.160
data/raw/ibc53/Pellorneum ruficeps/13.wav,Pellorneum ruficeps,13,18.312
data/raw/ibc53/Pellorneum ruficeps/14.wav,Pellorneum ruficeps,14,72.725
data/raw/ibc53/Pellorneum ruficeps/15.wav,Pellorneum ruficeps,15,35.161
data/raw/ibc53/Pellorneum ruficeps/16.wav,Pellorneum ruficeps,16,128.205
data/raw/ibc53/Pellorneum ruficeps/17.wav,Pellorneum ruficeps,17,89.104
data/raw/ibc53/Pellorneum ruficeps/18.wav,Pellorneum ruficeps,18,20.167
data/raw/ibc53/Pellorneum ruficeps/19.wav,Pellorneum ruficeps,19,13.637
data/raw/ibc53/Pellorneum ruficeps/20.wav,Pellorneum ruficeps,20,19.069
data/raw/ibc53/Pellorneum ruficeps/21.wav,Pellorneum ruficeps,21,19.200
data/raw/ibc53/Pellorneum ruficeps/22.wav,Pellorneum ruficeps,22,16.118
data/raw/ibc53/Pellorneum ruficeps/23.wav,Pellorneum ruficeps,23,78.408
data/raw/ibc53/Pellorneum ruficeps/24.wav,Pellorneum ruficeps,24,8.880
data/raw/ibc53/Pellorneum ruficeps/25.wav,Pellorneum ruficeps,25,31.512
data/raw/ibc53/Pellorneum ruficeps/26.wav,Pellorneum ruficeps,26,93.624
data/raw/ibc53/Pellorneum ruficeps/27.wav,Pellorneum ruficeps,27,22.896
data/raw/ibc53/Pellorneum ruficeps/28.wav,Pellorneum ruficeps,28,19.968
data/raw/ibc53/Pellorneum ruficeps/29.wav,Pellorneum ruficeps,29,18.673
data/raw/ibc53/Pellorneum ruficeps/30.wav,Pellorneum ruficeps,30,2.808
data/raw/ibc53/Pellorneum ruficeps/31.wav,Pellorneum ruficeps,31,4.467
data/raw/ibc53/Pellorneum ruficeps/32.wav,Pellorneum ruficeps,32,207.438
data/raw/ibc53/Pellorneum ruficeps/33.wav,Pellorneum ruficeps,33,17.581
data/raw/ibc53/Pellorneum ruficeps/34.wav,Pellorneum ruficeps,34,12.360
data/raw/ibc53/Pellorneum ruficeps/35.wav,Pellorneum ruficeps,35,14.655
data/raw/ibc53/Pellorneum ruficeps/36.wav,Pellorneum ruficeps,36,16.379
data/raw/ibc53/Pellorneum ruficeps/37.wav,Pellorneum ruficeps,37,34.691
data/raw/ibc53/Pellorneum ruficeps/38.wav,Pellorneum ruficeps,38,20.989
data/raw/ibc53/Pellorneum ruficeps/39.wav,Pellorneum ruficeps,39,27.168
data/raw/ibc53/Pellorneum ruficeps/40.wav,Pellorneum ruficeps,40,72.408
data/raw/ibc53/Pellorneum ruficeps/41.wav,Pellorneum ruficeps,41,29.127
data/raw/ibc53/Pellorneum ruficeps/42.wav,Pellorneum ruficeps,42,17.647
data/raw/ibc53/Pellorneum ruficeps/43.wav,Pellorneum ruficeps,43,25.271
data/raw/ibc53/Pellorneum ruficeps/44.wav,Pellorneum ruficeps,44,7.210
data/raw/ibc53/Pellorneum ruficeps/45.wav,Pellorneum ruficeps,45,13.629
data/raw/ibc53/Pellorneum ruficeps/46.wav,Pellorneum ruficeps,46,12.460
data/raw/ibc53/Pellorneum ruficeps/47.wav,Pellorneum ruficeps,47,11.285
data/raw/ibc53/Pellorneum ruficeps/48.wav,Pellorneum ruficeps,48,23.824
data/raw/ibc53/Pellorneum ruficeps/49.wav,Pellorneum ruficeps,49,32.392
data/raw/ibc53/Pellorneum ruficeps/50.wav,Pellorneum ruficeps,50,66.351
data/raw/ibc53/Pellorneum ruficeps/51.wav,Pellorneum ruficeps,51,22.492
data/raw/ibc53/Pellorneum ruficeps/52.wav,Pellorneum ruficeps,52,62.067
data/raw/ibc53/Pellorneum ruficeps/53.wav,Pellorneum ruficeps,53,30.407
data/raw/ibc53/Pellorneum ruficeps/54.wav,Pellorneum ruficeps,54,38.819
data/raw/ibc53/Pellorneum ruficeps/55.wav,Pellorneum ruficeps,55,6.871
data/raw/ibc53/Pellorneum ruficeps/56.wav,Pellorneum ruficeps,56,17.372
data/raw/ibc53/Pellorneum ruficeps/57.wav,Pellorneum ruficeps,57,10.659
data/raw/ibc53/Pellorneum ruficeps/58.wav,Pellorneum ruficeps,58,23.980
data/raw/ibc53/Pellorneum ruficeps/59.wav,Pellorneum ruficeps,59,24.189
data/raw/ibc53/Pellorneum ruficeps/60.wav,Pellorneum ruficeps,60,19.645
data/raw/ibc53/Pellorneum ruficeps/61.wav,Pellorneum ruficeps,61,17.999
data/raw/ibc53/Pellorneum ruficeps/62.wav,Pellorneum ruficeps,62,26.149
data/raw/ibc53/Pellorneum ruficeps/63.wav,Pellorneum ruficeps,63,14.838
data/raw/ibc53/Pellorneum ruficeps/64.wav,Pellorneum ruficeps,64,50.678
data/raw/ibc53/Pellorneum ruficeps/65.wav,Pellorneum ruficeps,65,71.758
data/raw/ibc53/Pellorneum ruficeps/66.wav,Pellorneum ruficeps,66,17.346
data/raw/ibc53/Pellorneum ruficeps/67.wav,Pellorneum ruficeps,67,42.215
data/raw/ibc53/Pellorneum ruficeps/68.wav,Pellorneum ruficeps,68,32.593
data/raw/ibc53/Pellorneum ruficeps/69.wav,Pellorneum ruficeps,69,101.878
data/raw/ibc53/Pellorneum ruficeps/70.wav,Pellorneum ruficeps,70,38.712
data/raw/ibc53/Pellorneum ruficeps/71.wav,Pellorneum ruficeps,71,20.881
data/raw/ibc53/Pellorneum ruficeps/72.wav,Pellorneum ruficeps,72,18.001
data/raw/ibc53/Pellorneum ruficeps/73.wav,Pellorneum ruficeps,73,57.171
data/raw/ibc53/Pellorneum ruficeps/74.wav,Pellorneum ruficeps,74,216.504
data/raw/ibc53/Pellorneum ruficeps/75.wav,Pellorneum ruficeps,75,97.896
data/raw/ibc53/Pellorneum ruficeps/76.wav,Pellorneum ruficeps,76,54.576
data/raw/ibc53/Pellorneum ruficeps/77.wav,Pellorneum ruficeps,77,38.904
data/raw/ibc53/Pellorneum ruficeps/78.wav,Pellorneum ruficeps,78,35.004
data/raw/ibc53/Pellorneum ruficeps/79.wav,Pellorneum ruficeps,79,15.104
data/raw/ibc53/Pellorneum ruficeps/80.wav,Pellorneum ruficeps,80,29.801
data/raw/ibc53/Pellorneum ruficeps/81.wav,Pellorneum ruficeps,81,10.867
data/raw/ibc53/Pellorneum ruficeps/82.wav,Pellorneum ruficeps,82,32.943
data/raw/ibc53/Pellorneum ruficeps/83.wav,Pellorneum ruficeps,83,58.032
data/raw/ibc53/Pellorneum ruficeps/84.wav,Pellorneum ruficeps,84,17.789
data/raw/ibc53/Pellorneum ruficeps/85.wav,Pellorneum ruficeps,85,21.995
data/raw/ibc53/Pellorneum ruficeps/86.wav,Pellorneum ruficeps,86,203.163
data/raw/ibc53/Pellorneum ruficeps/87.wav,Pellorneum ruficeps,87,126.671
data/raw/ibc53/Pellorneum ruficeps/88.wav,Pellorneum ruficeps,88,11.416
data/raw/ibc53/Pellorneum ruficeps/89.wav,Pellorneum ruficeps,89,26.723
data/raw/ibc53/Pellorneum ruficeps/90.wav,Pellorneum ruficeps,90,28.000
data/raw/ibc53/Pellorneum ruficeps/91.wav,Pellorneum ruficeps,91,33.000
data/raw/ibc53/Pellorneum ruficeps/92.wav,Pellorneum ruficeps,92,12.487
data/raw/ibc53/Pellorneum ruficeps/93.wav,Pellorneum ruficeps,93,45.749
data/raw/ibc53/Pellorneum ruficeps/94.wav,Pellorneum ruficeps,94,26.279
data/raw/ibc53/Pellorneum ruficeps/95.wav,Pellorneum ruficeps,95,40.582
data/raw/ibc53/Pellorneum ruficeps/96.wav,Pellorneum ruficeps,96,11.561
data/raw/ibc53/Pellorneum ruficeps/97.wav,Pellorneum ruficeps,97,42.498
data/raw/ibc53/Pellorneum ruficeps/98.wav,Pellorneum ruficeps,98,3.004
data/raw/ibc53/Pellorneum ruficeps/99.wav,Pellorneum ruficeps,99,8.066
data/raw/ibc53/Pellorneum ruficeps/100.wav,Pellorneum ruficeps,100,43.511
data/raw/ibc53/Pellorneum ruficeps/101.wav,Pellorneum ruficeps,101,34.808
data/raw/ibc53/Pellorneum ruficeps/102.wav,Pellorneum ruficeps,102,81.329
data/raw/ibc53/Phylloscopus forresti/1.wav,Phylloscopus forresti,1,33.864
data/raw/ibc53/Phylloscopus forresti/2.wav,Phylloscopus forresti,2,40.385
data/raw/ibc53/Phylloscopus forresti/3.wav,Phylloscopus forresti,3,77.184
data/raw/ibc53/Phylloscopus forresti/4.wav,Phylloscopus forresti,4,26.880
data/raw/ibc53/Phylloscopus forresti/5.wav,Phylloscopus forresti,5,52.219
data/raw/ibc53/Phylloscopus forresti/6.wav,Phylloscopus forresti,6,15.073
data/raw/ibc53/Phylloscopus forresti/7.wav,Phylloscopus forresti,7,12.696
data/raw/ibc53/Phylloscopus inornatus/1.wav,Phylloscopus inornatus,1,23.745
data/raw/ibc53/Phylloscopus inornatus/2.wav,Phylloscopus inornatus,2,14.132
data/raw/ibc53/Phylloscopus inornatus/3.wav,Phylloscopus inornatus,3,41.744
data/raw/ibc53/Phylloscopus inornatus/4.wav,Phylloscopus inornatus,4,33.933
data/raw/ibc53/Phylloscopus inornatus/5.wav,Phylloscopus inornatus,5,28.132
data/raw/ibc53/Phylloscopus inornatus/6.wav,Phylloscopus inornatus,6,7.027
data/raw/ibc53/Phylloscopus inornatus/7.wav,Phylloscopus inornatus,7,26.257
data/raw/ibc53/Phylloscopus inornatus/8.wav,Phylloscopus inornatus,8,67.175
data/raw/ibc53/Phylloscopus inornatus/9.wav,Phylloscopus inornatus,9,10.057
data/raw/ibc53/Phylloscopus inornatus/10.wav,Phylloscopus inornatus,10,14.982
data/raw/ibc53/Phylloscopus inornatus/11.wav,Phylloscopus inornatus,11,1.399
data/raw/ibc53/Phylloscopus subaffinis/1.wav,Phylloscopus subaffinis,1,37.742
data/raw/ibc53/Phylloscopus subaffinis/2.wav,Phylloscopus subaffinis,2,20.400
data/raw/ibc53/Pluvialis squatarola/1.wav,Pluvialis squatarola,1,48.994
data/raw/ibc53/Pluvialis squatarola/2.wav,Pluvialis squatarola,2,48.994
data/raw/ibc53/Pluvialis squatarola/3.wav,Pluvialis squatarola,3,7.912
data/raw/ibc53/Pluvialis squatarola/4.wav,Pluvialis squatarola,4,6.985
data/raw/ibc53/Pluvialis squatarola/5.wav,Pluvialis squatarola,5,3.001
data/raw/ibc53/Pluvialis squatarola/6.wav,Pluvialis squatarola,6,2.017
data/raw/ibc53/Pluvialis squatarola/7.wav,Pluvialis squatarola,7,5.016
data/raw/ibc53/Pnoepyga pusilla/1.wav,Pnoepyga pusilla,1,60.473
data/raw/ibc53/Pnoepyga pusilla/2.wav,Pnoepyga pusilla,2,24.059
data/raw/ibc53/Pnoepyga pusilla/3.wav,Pnoepyga pusilla,3,13.932
data/raw/ibc53/Pnoepyga pusilla/4.wav,Pnoepyga pusilla,4,23.963
data/raw/ibc53/Pnoepyga pusilla/5.wav,Pnoepyga pusilla,5,51.722
data/raw/ibc53/Pnoepyga pusilla/6.wav,Pnoepyga pusilla,6,34.508
data/raw/ibc53/Pnoepyga pusilla/7.wav,Pnoepyga pusilla,7,48.536
data/raw/ibc53/Pnoepyga pusilla/8.wav,Pnoepyga pusilla,8,24.137
data/raw/ibc53/Pnoepyga pusilla/9.wav,Pnoepyga pusilla,9,27.742
data/raw/ibc53/Pnoepyga pusilla/10.wav,Pnoepyga pusilla,10,18.491
data/raw/ibc53/Pnoepyga pusilla/11.wav,Pnoepyga pusilla,11,31.791
data/raw/ibc53/Pnoepyga pusilla/12.wav,Pnoepyga pusilla,12,50.364
data/raw/ibc53/Pnoepyga pusilla/13.wav,Pnoepyga pusilla,13,11.363
data/raw/ibc53/Pnoepyga pusilla/14.wav,Pnoepyga pusilla,14,30.537
data/raw/ibc53/Pnoepyga pusilla/15.wav,Pnoepyga pusilla,15,14.446
data/raw/ibc53/Pnoepyga pusilla/16.wav,Pnoepyga pusilla,16,18.768
data/raw/ibc53/Pnoepyga pusilla/17.wav,Pnoepyga pusilla,17,49.104
data/raw/ibc53/Pnoepyga pusilla/18.wav,Pnoepyga pusilla,18,44.304
data/raw/ibc53/Pnoepyga pusilla/19.wav,Pnoepyga pusilla,19,41.927
data/raw/ibc53/Pnoepyga pusilla/20.wav,Pnoepyga pusilla,20,53.472
data/raw/ibc53/Pnoepyga pusilla/21.wav,Pnoepyga pusilla,21,32.088
data/raw/ibc53/Pnoepyga pusilla/22.wav,Pnoepyga pusilla,22,51.200
data/raw/ibc53/Pnoepyga pusilla/23.wav,Pnoepyga pusilla,23,77.472
data/raw/ibc53/Pnoepyga pusilla/24.wav,Pnoepyga pusilla,24,30.552
data/raw/ibc53/Pnoepyga pusilla/25.wav,Pnoepyga pusilla,25,44.849
data/raw/ibc53/Pnoepyga pusilla/26.wav,Pnoepyga pusilla,26,17.352
data/raw/ibc53/Pnoepyga pusilla/27.wav,Pnoepyga pusilla,27,26.253
data/raw/ibc53/Pnoepyga pusilla/28.wav,Pnoepyga pusilla,28,5.413
data/raw/ibc53/Pnoepyga pusilla/29.wav,Pnoepyga pusilla,29,84.683
data/raw/ibc53/Polyplectron bicalcaratum/1.wav,Polyplectron bicalcaratum,1,11.237
data/raw/ibc53/Polyplectron bicalcaratum/2.wav,Polyplectron bicalcaratum,2,35.183
data/raw/ibc53/Polyplectron bicalcaratum/3.wav,Polyplectron bicalcaratum,3,49.502
data/raw/ibc53/Polyplectron bicalcaratum/4.wav,Polyplectron bicalcaratum,4,21.342
data/raw/ibc53/Polyplectron bicalcaratum/5.wav,Polyplectron bicalcaratum,5,27.552
data/raw/ibc53/Polyplectron bicalcaratum/6.wav,Polyplectron bicalcaratum,6,60.003
data/raw/ibc53/Polyplectron bicalcaratum/7.wav,Polyplectron bicalcaratum,7,50.808
data/raw/ibc53/Polyplectron bicalcaratum/8.wav,Polyplectron bicalcaratum,8,4.206
data/raw/ibc53/Polyplectron bicalcaratum/9.wav,Polyplectron bicalcaratum,9,11.237
data/raw/ibc53/Polyplectron bicalcaratum/10.wav,Polyplectron bicalcaratum,10,20.271
data/raw/ibc53/Polyplectron bicalcaratum/11.wav,Polyplectron bicalcaratum,11,18.756
data/raw/ibc53/Pomatorhinus ruficollis/1.wav,Pomatorhinus ruficollis,1,74.768
data/raw/ibc53/Pomatorhinus ruficollis/2.wav,Pomatorhinus ruficollis,2,17.654
data/raw/ibc53/Pomatorhinus ruficollis/3.wav,Pomatorhinus ruficollis,3,18.168
data/raw/ibc53/Pomatorhinus ruficollis/4.wav,Pomatorhinus ruficollis,4,106.039
data/raw/ibc53/Pomatorhinus ruficollis/5.wav,Pomatorhinus ruficollis,5,14.759
data/raw/ibc53/Pomatorhinus ruficollis/6.wav,Pomatorhinus ruficollis,6,52.320
data/raw/ibc53/Pomatorhinus ruficollis/7.wav,Pomatorhinus ruficollis,7,53.544
data/raw/ibc53/Pomatorhinus ruficollis/8.wav,Pomatorhinus ruficollis,8,16.039
data/raw/ibc53/Pomatorhinus ruficollis/9.wav,Pomatorhinus ruficollis,9,46.080
data/raw/ibc53/Pomatorhinus ruficollis/10.wav,Pomatorhinus ruficollis,10,51.487
data/raw/ibc53/Pomatorhinus ruficollis/11.wav,Pomatorhinus ruficollis,11,21.394
data/raw/ibc53/Pomatorhinus ruficollis/12.wav,Pomatorhinus ruficollis,12,14.028
data/raw/ibc53/Pomatorhinus ruficollis/13.wav,Pomatorhinus ruficollis,13,51.122
data/raw/ibc53/Pomatorhinus ruficollis/14.wav,Pomatorhinus ruficollis,14,16.405
data/raw/ibc53/Pomatorhinus ruficollis/15.wav,Pomatorhinus ruficollis,15,19.853
data/raw/ibc53/Pomatorhinus ruficollis/16.wav,Pomatorhinus ruficollis,16,50.834
data/raw/ibc53/Pomatorhinus ruficollis/17.wav,Pomatorhinus ruficollis,17,43.416
data/raw/ibc53/Pomatorhinus ruficollis/18.wav,Pomatorhinus ruficollis,18,112.353
data/raw/ibc53/Pomatorhinus ruficollis/19.wav,Pomatorhinus ruficollis,19,34.944
data/raw/ibc53/Pomatorhinus ruficollis/20.wav,Pomatorhinus ruficollis,20,5.760
data/raw/ibc53/Pomatorhinus ruficollis/21.wav,Pomatorhinus ruficollis,21,28.056
data/raw/ibc53/Pomatorhinus ruficollis/22.wav,Pomatorhinus ruficollis,22,12.513
data/raw/ibc53/Pomatorhinus ruficollis/23.wav,Pomatorhinus ruficollis,23,11.677
data/raw/ibc53/Pomatorhinus ruficollis/24.wav,Pomatorhinus ruficollis,24,159.791
data/raw/ibc53/Pomatorhinus ruficollis/25.wav,Pomatorhinus ruficollis,25,22.368
data/raw/ibc53/Pomatorhinus ruficollis/26.wav,Pomatorhinus ruficollis,26,15.048
data/raw/ibc53/Pomatorhinus ruficollis/27.wav,Pomatorhinus ruficollis,27,48.901
data/raw/ibc53/Pomatorhinus ruficollis/28.wav,Pomatorhinus ruficollis,28,26.593
data/raw/ibc53/Pomatorhinus ruficollis/29.wav,Pomatorhinus ruficollis,29,24.960
data/raw/ibc53/Pomatorhinus ruficollis/30.wav,Pomatorhinus ruficollis,30,42.984
data/raw/ibc53/Pomatorhinus ruficollis/31.wav,Pomatorhinus ruficollis,31,34.632
data/raw/ibc53/Pomatorhinus ruficollis/32.wav,Pomatorhinus ruficollis,32,49.512
data/raw/ibc53/Pomatorhinus ruficollis/33.wav,Pomatorhinus ruficollis,33,31.104
data/raw/ibc53/Pomatorhinus ruficollis/34.wav,Pomatorhinus ruficollis,34,53.159
data/raw/ibc53/Pomatorhinus ruficollis/35.wav,Pomatorhinus ruficollis,35,74.768
data/raw/ibc53/Pomatorhinus ruficollis/36.wav,Pomatorhinus ruficollis,36,37.224
data/raw/ibc53/Pomatorhinus ruficollis/37.wav,Pomatorhinus ruficollis,37,38.060
data/raw/ibc53/Pomatorhinus ruficollis/38.wav,Pomatorhinus ruficollis,38,18.782
data/raw/ibc53/Pomatorhinus ruficollis/39.wav,Pomatorhinus ruficollis,39,25.652
data/raw/ibc53/Pomatorhinus ruficollis/40.wav,Pomatorhinus ruficollis,40,33.600
data/raw/ibc53/Pomatorhinus ruficollis/41.wav,Pomatorhinus ruficollis,41,42.188
data/raw/ibc53/Psilopogon lineatus/1.wav,Psilopogon lineatus,1,36.885
data/raw/ibc53/Psilopogon lineatus/2.wav,Psilopogon lineatus,2,42.998
data/raw/ibc53/Psilopogon lineatus/3.wav,Psilopogon lineatus,3,18.651
data/raw/ibc53/Psilopogon lineatus/4.wav,Psilopogon lineatus,4,63.321
data/raw/ibc53/Psilopogon lineatus/5.wav,Psilopogon lineatus,5,59.835
data/raw/ibc53/Psilopogon lineatus/6.wav,Psilopogon lineatus,6,36.885
data/raw/ibc53/Psilopogon lineatus/7.wav,Psilopogon lineatus,7,30.933
data/raw/ibc53/Psilopogon lineatus/8.wav,Psilopogon lineatus,8,12.904
data/raw/ibc53/Psilopogon lineatus/9.wav,Psilopogon lineatus,9,27.847
data/raw/ibc53/Psilopogon lineatus/10.wav,Psilopogon lineatus,10,40.464
data/raw/ibc53/Psilopogon lineatus/11.wav,Psilopogon lineatus,11,44.005
data/raw/ibc53/Psilopogon lineatus/12.wav,Psilopogon lineatus,12,46.472
data/raw/ibc53/Psilopogon lineatus/13.wav,Psilopogon lineatus,13,64.444
data/raw/ibc53/Psilopogon lineatus/14.wav,Psilopogon lineatus,14,16.091
data/raw/ibc53/Psilopogon lineatus/15.wav,Psilopogon lineatus,15,37.761
data/raw/ibc53/Psilopogon lineatus/16.wav,Psilopogon lineatus,16,19.853
data/raw/ibc53/Psilopogon lineatus/17.wav,Psilopogon lineatus,17,19.749
data/raw/ibc53/Psilopogon lineatus/18.wav,Psilopogon lineatus,18,26.201
data/raw/ibc53/Psilopogon lineatus/19.wav,Psilopogon lineatus,19,41.883
data/raw/ibc53/Psilopogon lineatus/20.wav,Psilopogon lineatus,20,9.561
data/raw/ibc53/Psilopogon lineatus/21.wav,Psilopogon lineatus,21,82.360
data/raw/ibc53/Psilopogon lineatus/22.wav,Psilopogon lineatus,22,7.027
data/raw/ibc53/Psittacula eupatria/1.wav,Psittacula eupatria,1,22.784
data/raw/ibc53/Psittacula eupatria/2.wav,Psittacula eupatria,2,12.511
data/raw/ibc53/Psittacula eupatria/3.wav,Psittacula eupatria,3,12.480
data/raw/ibc53/Psittacula eupatria/4.wav,Psittacula eupatria,4,30.682
data/raw/ibc53/Psittacula eupatria/5.wav,Psittacula eupatria,5,53.133
data/raw/ibc53/Psittacula eupatria/6.wav,Psittacula eupatria,6,53.761
data/raw/ibc53/Psittacula eupatria/7.wav,Psittacula eupatria,7,7.106
data/raw/ibc53/Psittacula eupatria/8.wav,Psittacula eupatria,8,105.072
data/raw/ibc53/Psittacula eupatria/9.wav,Psittacula eupatria,9,7.402
data/raw/ibc53/Psittacula eupatria/10.wav,Psittacula eupatria,10,10.475
data/raw/ibc53/Psittacula eupatria/11.wav,Psittacula eupatria,11,41.900
data/raw/ibc53/Psittacula eupatria/12.wav,Psittacula eupatria,12,3.605
data/raw/ibc53/Psittacula eupatria/13.wav,Psittacula eupatria,13,7.001
data/raw/ibc53/Psittacula eupatria/14.wav,Psittacula eupatria,14,2.299
data/raw/ibc53/Psittacula eupatria/15.wav,Psittacula eupatria,15,1.045
data/raw/ibc53/Psittacula eupatria/16.wav,Psittacula eupatria,16,10.893
data/raw/ibc53/Psittacula eupatria/17.wav,Psittacula eupatria,17,22.784
data/raw/ibc53/Psittacula eupatria/18.wav,Psittacula eupatria,18,18.741
data/raw/ibc53/Psittacula eupatria/19.wav,Psittacula eupatria,19,21.217
data/raw/ibc53/Psittacula eupatria/20.wav,Psittacula eupatria,20,8.314
data/raw/ibc53/Psittacula eupatria/21.wav,Psittacula eupatria,21,18.469
data/raw/ibc53/Psittacula eupatria/22.wav,Psittacula eupatria,22,21.107
data/raw/ibc53/Psittacula eupatria/23.wav,Psittacula eupatria,23,32.287
data/raw/ibc53/Psittacula eupatria/24.wav,Psittacula eupatria,24,11.207
data/raw/ibc53/Psittacula eupatria/25.wav,Psittacula eupatria,25,44.408
data/raw/ibc53/Psittacula eupatria/26.wav,Psittacula eupatria,26,7.916
data/raw/ibc53/Psittacula eupatria/27.wav,Psittacula eupatria,27,35.814
data/raw/ibc53/Psittacula eupatria/28.wav,Psittacula eupatria,28,82.678
data/raw/ibc53/Rimator malacoptilus/1.wav,Rimator malacoptilus,1,7.801
data/raw/ibc53/Rimator malacoptilus/2.wav,Rimator malacoptilus,2,107.128
data/raw/ibc53/Rimator malacoptilus/3.wav,Rimator malacoptilus,3,80.661
data/raw/ibc53/Rimator malacoptilus/4.wav,Rimator malacoptilus,4,7.801
data/raw/ibc53/Rimator malacoptilus/5.wav,Rimator malacoptilus,5,66.456
data/raw/ibc53/Rimator malacoptilus/6.wav,Rimator malacoptilus,6,13.505
data/raw/ibc53/Rimator malacoptilus/7.wav,Rimator malacoptilus,7,22.648
data/raw/ibc53/Rimator malacoptilus/8.wav,Rimator malacoptilus,8,49.032
data/raw/ibc53/Rimator malacoptilus/9.wav,Rimator malacoptilus,9,38.713
data/raw/ibc53/Rimator malacoptilus/10.wav,Rimator malacoptilus,10,60.048
data/raw/ibc53/Rimator malacoptilus/11.wav,Rimator malacoptilus,11,34.968
data/raw/ibc53/Rimator malacoptilus/12.wav,Rimator malacoptilus,12,49.944
data/raw/ibc53/Rimator malacoptilus/13.wav,Rimator malacoptilus,13,60.048
data/raw/ibc53/Rimator malacoptilus/14.wav,Rimator malacoptilus,14,60.108
data/raw/ibc53/Rimator malacoptilus/15.wav,Rimator malacoptilus,15,47.804
data/raw/ibc53/Rimator malacoptilus/16.wav,Rimator malacoptilus,16,21.316
data/raw/ibc53/Rimator malacoptilus/17.wav,Rimator malacoptilus,17,38.713
data/raw/ibc53/Rimator malacoptilus/18.wav,Rimator malacoptilus,18,56.947
data/raw/ibc53/Rimator malacoptilus/19.wav,Rimator malacoptilus,19,25.104
data/raw/ibc53/Rimator malacoptilus/20.wav,Rimator malacoptilus,20,42.762
data/raw/ibc53/Riparia chinensis/1.wav,Riparia chinensis,1,11.024
data/raw/ibc53/Riparia chinensis/2.wav,Riparia chinensis,2,10.056
data/raw/ibc53/Riparia chinensis/3.wav,Riparia chinensis,3,7.632
data/raw/ibc53/Riparia chinensis/4.wav,Riparia chinensis,4,5.460
data/raw/ibc53/Riparia chinensis/5.wav,Riparia chinensis,5,11.024
data/raw/ibc53/Riparia chinensis/6.wav,Riparia chinensis,6,7.131
data/raw/ibc53/Riparia chinensis/7.wav,Riparia chinensis,7,22.073
data/raw/ibc53/Spelaeornis oatesi/1.wav,Spelaeornis oatesi,1,8.516
data/raw/ibc53/Spelaeornis oatesi/2.wav,Spelaeornis oatesi,2,42.527
data/raw/ibc53/Spelaeornis oatesi/3.wav,Spelaeornis oatesi,3,62.380
data/raw/ibc53/Spelaeornis oatesi/4.wav,Spelaeornis oatesi,4,8.516
data/raw/ibc53/Spelaeornis oatesi/5.wav,Spelaeornis oatesi,5,63.451
data/raw/ibc53/Sphenocichla humei/1.wav,Sphenocichla humei,1,35.504
data/raw/ibc53/Sphenocichla humei/2.wav,Sphenocichla humei,2,7.933
data/raw/ibc53/Sphenocichla humei/3.wav,Sphenocichla humei,3,3.762
data/raw/ibc53/Sphenocichla humei/4.wav,Sphenocichla humei,4,18.864
data/raw/ibc53/Sphenocichla humei/5.wav,Sphenocichla humei,5,26.184
data/raw/ibc53/Sphenocichla humei/6.wav,Sphenocichla humei,6,46.824
data/raw/ibc53/Sphenocichla humei/7.wav,Sphenocichla humei,7,13.767
data/raw/ibc53/Sphenocichla humei/8.wav,Sphenocichla humei,8,8.620
data/raw/ibc53/Sphenocichla humei/9.wav,Sphenocichla humei,9,18.960
data/raw/ibc53/Sphenocichla humei/10.wav,Sphenocichla humei,10,23.088
data/raw/ibc53/Sphenocichla humei/11.wav,Sphenocichla humei,11,41.496
data/raw/ibc53/Sphenocichla humei/12.wav,Sphenocichla humei,12,88.033
data/raw/ibc53/Sphenocichla humei/13.wav,Sphenocichla humei,13,20.167
data/raw/ibc53/Sphenocichla humei/14.wav,Sphenocichla humei,14,25.208
data/raw/ibc53/Sphenocichla humei/15.wav,Sphenocichla humei,15,29.571
data/raw/ibc53/Sphenocichla humei/16.wav,Sphenocichla humei,16,24.517
data/raw/ibc53/Sphenocichla humei/17.wav,Sphenocichla humei,17,8.898
data/raw/ibc53/Sphenocichla humei/18.wav,Sphenocichla humei,18,47.801
data/raw/ibc53/Sphenocichla humei/19.wav,Sphenocichla humei,19,31.152
data/raw/ibc53/Sphenocichla humei/20.wav,Sphenocichla humei,20,82.920
data/raw/ibc53/Sphenocichla humei/21.wav,Sphenocichla humei,21,10.752
data/raw/ibc53/Sphenocichla humei/22.wav,Sphenocichla humei,22,81.000
data/raw/ibc53/Sphenocichla humei/23.wav,Sphenocichla humei,23,44.591
data/raw/ibc53/Sphenocichla humei/24.wav,Sphenocichla humei,24,2.508
data/raw/ibc53/Sphenocichla humei/25.wav,Sphenocichla humei,25,2.795
data/raw/ibc53/Sphenocichla humei/26.wav,Sphenocichla humei,26,57.156
data/raw/ibc53/Sphenocichla humei/27.wav,Sphenocichla humei,27,35.504
data/raw/ibc53/Sphenocichla humei/28.wav,Sphenocichla humei,28,5.825
data/raw/ibc53/Sphenocichla humei/29.wav,Sphenocichla humei,29,42.553
data/raw/ibc53/Sphenocichla humei/30.wav,Sphenocichla humei,30,23.249
data/raw/ibc53/Sphenocichla humei/31.wav,Sphenocichla humei,31,24.888
data/raw/ibc53/Sphenocichla humei/32.wav,Sphenocichla humei,32,41.160
data/raw/ibc53/Sphenocichla humei/33.wav,Sphenocichla humei,33,20.352
data/raw/ibc53/Sphenocichla humei/34.wav,Sphenocichla humei,34,18.704
data/raw/ibc53/Sphenocichla humei/35.wav,Sphenocichla humei,35,3.892
data/raw/ibc53/Sphenocichla humei/36.wav,Sphenocichla humei,36,20.611
data/raw/ibc53/Sphenocichla humei/37.wav,Sphenocichla humei,37,52.968
data/raw/ibc53/Sphenocichla humei/38.wav,Sphenocichla humei,38,34.325
data/raw/ibc53/Sphenocichla humei/39.wav,Sphenocichla humei,39,30.877
data/raw/ibc53/Sphenocichla humei/40.wav,Sphenocichla humei,40,21.420
data/raw/ibc53/Sphenocichla humei/41.wav,Sphenocichla humei,41,9.247
data/raw/ibc53/Sphenocichla humei/42.wav,Sphenocichla humei,42,27.690
data/raw/ibc53/Sphenocichla humei/43.wav,Sphenocichla humei,43,12.048
data/raw/ibc53/Stachyridopsis ambigua/1.wav,Stachyridopsis ambigua,1,3.762
data/raw/ibc53/Stachyridopsis ambigua/2.wav,Stachyridopsis ambigua,2,7.933
data/raw/ibc53/Stachyridopsis ambigua/3.wav,Stachyridopsis ambigua,3,3.762
data/raw/ibc53/Stachyridopsis ambigua/4.wav,Stachyridopsis ambigua,4,18.864
data/raw/ibc53/Stachyridopsis ambigua/5.wav,Stachyridopsis ambigua,5,26.184
data/raw/ibc53/Stachyridopsis ambigua/6.wav,Stachyridopsis ambigua,6,46.824
data/raw/ibc53/Stachyridopsis ambigua/7.wav,Stachyridopsis ambigua,7,13.767
data/raw/ibc53/Stachyridopsis ambigua/8.wav,Stachyridopsis ambigua,8,8.620
data/raw/ibc53/Stachyridopsis ambigua/9.wav,Stachyridopsis ambigua,9,18.960
data/raw/ibc53/Stachyridopsis ambigua/10.wav,Stachyridopsis ambigua,10,41.496
data/raw/ibc53/Stachyridopsis ambigua/11.wav,Stachyridopsis ambigua,11,23.088
data/raw/ibc53/Stachyridopsis ambigua/12.wav,Stachyridopsis ambigua,12,20.167
data/raw/ibc53/Stachyridopsis ambigua/13.wav,Stachyridopsis ambigua,13,88.033
data/raw/ibc53/Stachyridopsis ambigua/14.wav,Stachyridopsis ambigua,14,25.208
data/raw/ibc53/Stachyridopsis ambigua/15.wav,Stachyridopsis ambigua,15,29.571
data/raw/ibc53/Sturnia malabarica/1.wav,Sturnia malabarica,1,21.917
data/raw/ibc53/Sturnia malabarica/2.wav,Sturnia malabarica,2,18.176
data/raw/ibc53/Sturnia malabarica/3.wav,Sturnia malabarica,3,42.005
data/raw/ibc53/Sturnia malabarica/4.wav,Sturnia malabarica,4,51.043
data/raw/ibc53/Sturnia malabarica/5.wav,Sturnia malabarica,5,15.073
data/raw/ibc53/Sturnia malabarica/6.wav,Sturnia malabarica,6,4.258
data/raw/ibc53/Sturnia malabarica/7.wav,Sturnia malabarica,7,10.776
data/raw/ibc53/Sturnia malabarica/8.wav,Sturnia malabarica,8,21.212
data/raw/ibc53/Sturnia malabarica/9.wav,Sturnia malabarica,9,30.460
data/raw/ibc53/Sturnia malabarica/10.wav,Sturnia malabarica,10,9.938
data/raw/ibc53/Sturnia malabarica/11.wav,Sturnia malabarica,11,25.079
data/raw/ibc53/Sturnia malabarica/12.wav,Sturnia malabarica,12,14.499
data/raw/ibc53/Sturnia malabarica/13.wav,Sturnia malabarica,13,6.478
data/raw/ibc53/Sturnia malabarica/14.wav,Sturnia malabarica,14,31.869
data/raw/ibc53/Sturnia malabarica/15.wav,Sturnia malabarica,15,5.669
data/raw/ibc53/Sturnia malabarica/16.wav,Sturnia malabarica,16,94.215
data/raw/ibc53/Sturnia malabarica/17.wav,Sturnia malabarica,17,9.874
data/raw/ibc53/Sturnia malabarica/18.wav,Sturnia malabarica,18,2.795
data/raw/ibc53/Todiramphus chloris/1.wav,Todiramphus chloris,1,29.806
data/raw/ibc53/Todiramphus chloris/2.wav,Todiramphus chloris,2,9.064
data/raw/ibc53/Todiramphus chloris/3.wav,Todiramphus chloris,3,18.327
data/raw/ibc53/Todiramphus chloris/4.wav,Todiramphus chloris,4,29.760
data/raw/ibc53/Todiramphus chloris/5.wav,Todiramphus chloris,5,21.290
data/raw/ibc53/Todiramphus chloris/6.wav,Todiramphus chloris,6,9.000
data/raw/ibc53/Todiramphus chloris/7.wav,Todiramphus chloris,7,14.028
data/raw/ibc53/Todiramphus chloris/8.wav,Todiramphus chloris,8,10.971
data/raw/ibc53/Todiramphus chloris/9.wav,Todiramphus chloris,9,29.806
data/raw/ibc53/Todiramphus chloris/10.wav,Todiramphus chloris,10,10.968
data/raw/ibc53/Todiramphus chloris/11.wav,Todiramphus chloris,11,19.357
data/raw/ibc53/Todiramphus chloris/12.wav,Todiramphus chloris,12,18.077
data/raw/ibc53/Todiramphus chloris/13.wav,Todiramphus chloris,13,57.576
data/raw/ibc53/Todiramphus chloris/14.wav,Todiramphus chloris,14,11.033
data/raw/ibc53/Todiramphus chloris/15.wav,Todiramphus chloris,15,10.256
data/raw/ibc53/Todiramphus chloris/16.wav,Todiramphus chloris,16,7.536
data/raw/ibc53/Todiramphus chloris/17.wav,Todiramphus chloris,17,5.817
data/raw/ibc53/Todiramphus chloris/18.wav,Todiramphus chloris,18,41.748
data/raw/ibc53/Todiramphus chloris/19.wav,Todiramphus chloris,19,40.498
data/raw/ibc53/Todiramphus chloris/20.wav,Todiramphus chloris,20,19.696
data/raw/ibc53/Todiramphus chloris/21.wav,Todiramphus chloris,21,8.150
data/raw/ibc53/Todiramphus chloris/22.wav,Todiramphus chloris,22,8.472
data/raw/ibc53/Todiramphus chloris/23.wav,Todiramphus chloris,23,48.509
