species,recording_id,split
Arborophila torqueola,1,train
Arborophila torqueola,10,test
Arborophila torqueola,11,train
Arborophila torqueola,12,train
Arborophila torqueola,13,train
Arborophila torqueola,14,train
Arborophila torqueola,15,train
Arborophila torqueola,16,test
Arborophila torqueola,17,val
Arborophila torqueola,18,train
Arborophila torqueola,19,train
Arborophila torqueola,2,train
Arborophila torqueola,20,train
Arborophila torqueola,21,train
Arborophila torqueola,22,train
Arborophila torqueola,23,train
Arborophila torqueola,24,train
Arborophila torqueola,25,train
Arborophila torqueola,26,train
Arborophila torqueola,27,train
Arborophila torqueola,28,train
Arborophila torqueola,29,train
Arborophila torqueola,3,train
Arborophila torqueola,30,test
Arborophila torqueola,31,train
Arborophila torqueola,32,train
Arborophila torqueola,33,train
Arborophila torqueola,4,train
Arborophila torqueola,5,val
Arborophila torqueola,6,train
Arborophila torqueola,7,train
Arborophila torqueola,8,train
Arborophila torqueola,9,val
Cuculus micropterus,1,train
Cuculus micropterus,10,train
Cuculus micropterus,11,train
Cuculus micropterus,12,train
Cuculus micropterus,13,train
Cuculus micropterus,14,val
Cuculus micropterus,15,val
Cuculus micropterus,16,train
Cuculus micropterus,17,train
Cuculus micropterus,18,test
Cuculus micropterus,19,train
Cuculus micropterus,2,train
Cuculus micropterus,20,train
Cuculus micropterus,21,test
Cuculus micropterus,22,train
Cuculus micropterus,23,train
Cuculus micropterus,24,train
Cuculus micropterus,25,test
Cuculus micropterus,26,train
Cuculus micropterus,27,train
Cuculus micropterus,28,train
Cuculus micropterus,29,test
Cuculus micropterus,3,val
Cuculus micropterus,30,train
Cuculus micropterus,31,val
Cuculus micropterus,32,train
Cuculus micropterus,33,train
Cuculus micropterus,34,train
Cuculus micropterus,35,train
Cuculus micropterus,36,train
Cuculus micropterus,37,train
Cuculus micropterus,38,train
Cuculus micropterus,39,train
Cuculus micropterus,4,train
Cuculus micropterus,40,train
Cuculus micropterus,41,train
Cuculus micropterus,42,train
Cuculus micropterus,43,train
Cuculus micropterus,44,train
Cuculus micropterus,45,train
Cuculus micropterus,46,train
Cuculus micropterus,47,train
Cuculus micropterus,48,train
Cuculus micropterus,49,train
Cuculus micropterus,50,train
Cuculus micropterus,51,train
Cuculus micropterus,52,train
Cuculus micropterus,53,train
Cuculus micropterus,54,test
Cuculus micropterus,56,train
Cuculus micropterus,57,train
Cuculus micropterus,58,train
Cuculus micropterus,59,train
Cuculus micropterus,6,train
Cuculus micropterus,60,test
Cuculus micropterus,61,train
Cuculus micropterus,62,val
Cuculus micropterus,63,train
Cuculus micropterus,64,train
Cuculus micropterus,65,train
Cuculus micropterus,66,train
Cuculus micropterus,7,train
Cuculus micropterus,8,val
Cuculus micropterus,9,train
Cyornis unicolor,1,train
Cyornis unicolor,10,train
Cyornis unicolor,11,test
Cyornis unicolor,12,train
Cyornis unicolor,13,train
Cyornis unicolor,14,train
Cyornis unicolor,15,val
Cyornis unicolor,16,train
Cyornis unicolor,17,test
Cyornis unicolor,18,train
Cyornis unicolor,19,train
Cyornis unicolor,2,train
Cyornis unicolor,20,test
Cyornis unicolor,21,train
Cyornis unicolor,22,train
Cyornis unicolor,23,train
Cyornis unicolor,24,train
Cyornis unicolor,25,train
Cyornis unicolor,26,val
Cyornis unicolor,27,train
Cyornis unicolor,28,train
Cyornis unicolor,3,train
Cyornis unicolor,4,val
Cyornis unicolor,5,train
Cyornis unicolor,6,train
Cyornis unicolor,7,train
Cyornis unicolor,8,train
Cyornis unicolor,9,train
Glaucidium cuculoides,1,train
Glaucidium cuculoides,10,train
Glaucidium cuculoides,11,train
Glaucidium cuculoides,12,train
Glaucidium cuculoides,13,val
Glaucidium cuculoides,14,train
Glaucidium cuculoides,15,train
Glaucidium cuculoides,16,test
Glaucidium cuculoides,17,train
Glaucidium cuculoides,18,test
Glaucidium cuculoides,19,test
Glaucidium cuculoides,2,train
Glaucidium cuculoides,20,train
Glaucidium cuculoides,21,train
Glaucidium cuculoides,22,train
Glaucidium cuculoides,23,train
Glaucidium cuculoides,24,train
Glaucidium cuculoides,25,train
Glaucidium cuculoides,26,train
Glaucidium cuculoides,27,train
Glaucidium cuculoides,28,train
Glaucidium cuculoides,29,train
Glaucidium cuculoides,3,train
Glaucidium cuculoides,30,train
Glaucidium cuculoides,31,val
Glaucidium cuculoides,32,train
Glaucidium cuculoides,33,train
Glaucidium cuculoides,34,test
Glaucidium cuculoides,35,train
Glaucidium cuculoides,36,val
Glaucidium cuculoides,37,train
Glaucidium cuculoides,38,train
Glaucidium cuculoides,39,train
Glaucidium cuculoides,4,train
Glaucidium cuculoides,40,train
Glaucidium cuculoides,41,val
Glaucidium cuculoides,5,train
Glaucidium cuculoides,6,train
Glaucidium cuculoides,7,train
Glaucidium cuculoides,8,train
Glaucidium cuculoides,9,train
Liocichla phoenicea,1,test
Liocichla phoenicea,10,train
Liocichla phoenicea,11,train
Liocichla phoenicea,12,val
Liocichla phoenicea,13,train
Liocichla phoenicea,14,train
Liocichla phoenicea,15,train
Liocichla phoenicea,16,train
Liocichla phoenicea,17,train
Liocichla phoenicea,18,train
Liocichla phoenicea,19,train
Liocichla phoenicea,2,val
Liocichla phoenicea,20,train
Liocichla phoenicea,21,train
Liocichla phoenicea,22,train
Liocichla phoenicea,23,test
Liocichla phoenicea,3,train
Liocichla phoenicea,4,train
Liocichla phoenicea,5,train
Liocichla phoenicea,6,train
Liocichla phoenicea,7,train
Liocichla phoenicea,8,train
Liocichla phoenicea,9,train
Pellorneum ruficeps,1,train
Pellorneum ruficeps,10,train
Pellorneum ruficeps,100,train
Pellorneum ruficeps,101,train
Pellorneum ruficeps,102,train
Pellorneum ruficeps,11,train
Pellorneum ruficeps,12,train
Pellorneum ruficeps,13,train
Pellorneum ruficeps,14,val
Pellorneum ruficeps,15,train
Pellorneum ruficeps,16,train
Pellorneum ruficeps,17,train
Pellorneum ruficeps,18,train
Pellorneum ruficeps,19,train
Pellorneum ruficeps,2,train
Pellorneum ruficeps,20,val
Pellorneum ruficeps,21,train
Pellorneum ruficeps,22,train
Pellorneum ruficeps,23,train
Pellorneum ruficeps,24,train
Pellorneum ruficeps,25,train
Pellorneum ruficeps,26,train
Pellorneum ruficeps,27,train
Pellorneum ruficeps,28,train
Pellorneum ruficeps,29,train
Pellorneum ruficeps,3,test
Pellorneum ruficeps,30,train
Pellorneum ruficeps,31,test
Pellorneum ruficeps,32,val
Pellorneum ruficeps,33,train
Pellorneum ruficeps,34,train
Pellorneum ruficeps,35,val
Pellorneum ruficeps,36,train
Pellorneum ruficeps,37,train
Pellorneum ruficeps,38,train
Pellorneum ruficeps,39,train
Pellorneum ruficeps,4,train
Pellorneum ruficeps,40,train
Pellorneum ruficeps,41,train
Pellorneum ruficeps,42,test
Pellorneum ruficeps,43,train
Pellorneum ruficeps,44,train
Pellorneum ruficeps,45,train
Pellorneum ruficeps,46,val
Pellorneum ruficeps,47,train
Pellorneum ruficeps,48,train
Pellorneum ruficeps,49,train
Pellorneum ruficeps,5,val
Pellorneum ruficeps,50,train
Pellorneum ruficeps,51,train
Pellorneum ruficeps,52,train
Pellorneum ruficeps,53,test
Pellorneum ruficeps,54,train
Pellorneum ruficeps,55,train
Pellorneum ruficeps,56,train
Pellorneum ruficeps,57,train
Pellorneum ruficeps,58,val
Pellorneum ruficeps,59,val
Pellorneum ruficeps,6,train
Pellorneum ruficeps,60,train
Pellorneum ruficeps,61,train
Pellorneum ruficeps,62,train
Pellorneum ruficeps,63,train
Pellorneum ruficeps,64,train
Pellorneum ruficeps,65,train
Pellorneum ruficeps,66,train
Pellorneum ruficeps,67,val
Pellorneum ruficeps,68,train
Pellorneum ruficeps,69,train
Pellorneum ruficeps,7,test
Pellorneum ruficeps,70,train
Pellorneum ruficeps,71,train
Pellorneum ruficeps,72,train
Pellorneum ruficeps,73,train
Pellorneum ruficeps,74,train
Pellorneum ruficeps,75,train
Pellorneum ruficeps,76,train
Pellorneum ruficeps,77,train
Pellorneum ruficeps,78,train
Pellorneum ruficeps,79,train
Pellorneum ruficeps,8,train
Pellorneum ruficeps,80,train
Pellorneum ruficeps,81,train
Pellorneum ruficeps,82,val
Pellorneum ruficeps,83,train
Pellorneum ruficeps,84,test
Pellorneum ruficeps,85,train
Pellorneum ruficeps,86,train
Pellorneum ruficeps,87,test
Pellorneum ruficeps,88,train
Pellorneum ruficeps,89,train
Pellorneum ruficeps,9,test
Pellorneum ruficeps,90,train
Pellorneum ruficeps,91,test
Pellorneum ruficeps,92,train
Pellorneum ruficeps,93,train
Pellorneum ruficeps,94,test
Pellorneum ruficeps,95,train
Pellorneum ruficeps,96,train
Pellorneum ruficeps,97,train
Pellorneum ruficeps,98,train
Pellorneum ruficeps,99,train
Pnoepyga pusilla,1,train
Pnoepyga pusilla,10,train
Pnoepyga pusilla,11,train
Pnoepyga pusilla,12,train
Pnoepyga pusilla,13,train
Pnoepyga pusilla,14,train
Pnoepyga pusilla,15,train
Pnoepyga pusilla,16,train
Pnoepyga pusilla,17,train
Pnoepyga pusilla,18,train
Pnoepyga pusilla,19,train
Pnoepyga pusilla,2,train
Pnoepyga pusilla,20,train
Pnoepyga pusilla,21,train
Pnoepyga pusilla,22,train
Pnoepyga pusilla,23,train
Pnoepyga pusilla,24,train
Pnoepyga pusilla,25,val
Pnoepyga pusilla,26,train
Pnoepyga pusilla,27,train
Pnoepyga pusilla,28,train
Pnoepyga pusilla,29,val
Pnoepyga pusilla,3,test
Pnoepyga pusilla,4,test
Pnoepyga pusilla,5,train
Pnoepyga pusilla,6,test
Pnoepyga pusilla,7,train
Pnoepyga pusilla,8,train
Pnoepyga pusilla,9,val
Pomatorhinus ruficollis,1,train
Pomatorhinus ruficollis,10,train
Pomatorhinus ruficollis,11,val
Pomatorhinus ruficollis,12,train
Pomatorhinus ruficollis,13,train
Pomatorhinus ruficollis,14,val
Pomatorhinus ruficollis,15,train
Pomatorhinus ruficollis,16,test
Pomatorhinus ruficollis,17,train
Pomatorhinus ruficollis,18,train
Pomatorhinus ruficollis,19,train
Pomatorhinus ruficollis,2,train
Pomatorhinus ruficollis,20,train
Pomatorhinus ruficollis,21,train
Pomatorhinus ruficollis,22,train
Pomatorhinus ruficollis,23,test
Pomatorhinus ruficollis,24,train
Pomatorhinus ruficollis,25,train
Pomatorhinus ruficollis,26,train
Pomatorhinus ruficollis,27,train
Pomatorhinus ruficollis,28,train
Pomatorhinus ruficollis,29,train
Pomatorhinus ruficollis,3,train
Pomatorhinus ruficollis,30,train
Pomatorhinus ruficollis,31,train
Pomatorhinus ruficollis,32,test
Pomatorhinus ruficollis,33,val
Pomatorhinus ruficollis,34,train
Pomatorhinus ruficollis,35,train
Pomatorhinus ruficollis,36,train
Pomatorhinus ruficollis,37,train
Pomatorhinus ruficollis,38,train
Pomatorhinus ruficollis,39,train
Pomatorhinus ruficollis,4,train
Pomatorhinus ruficollis,40,train
Pomatorhinus ruficollis,41,train
Pomatorhinus ruficollis,5,test
Pomatorhinus ruficollis,6,train
Pomatorhinus ruficollis,7,train
Pomatorhinus ruficollis,8,train
Pomatorhinus ruficollis,9,val
Psilopogon lineatus,1,train
Psilopogon lineatus,10,train
Psilopogon lineatus,11,train
Psilopogon lineatus,12,train
Psilopogon lineatus,13,train
Psilopogon lineatus,14,test
Psilopogon lineatus,15,train
Psilopogon lineatus,16,train
Psilopogon lineatus,17,train
Psilopogon lineatus,18,val
Psilopogon lineatus,19,train
Psilopogon lineatus,2,train
Psilopogon lineatus,20,train
Psilopogon lineatus,21,train
Psilopogon lineatus,3,test
Psilopogon lineatus,4,train
Psilopogon lineatus,5,train
Psilopogon lineatus,6,val
Psilopogon lineatus,7,train
Psilopogon lineatus,8,train
Psilopogon lineatus,9,train
Psittacula eupatria,1,train
Psittacula eupatria,10,train
Psittacula eupatria,11,train
Psittacula eupatria,12,train
Psittacula eupatria,13,train
Psittacula eupatria,14,train
Psittacula eupatria,16,test
Psittacula eupatria,17,train
Psittacula eupatria,18,train
Psittacula eupatria,19,train
Psittacula eupatria,2,val
Psittacula eupatria,20,train
Psittacula eupatria,21,train
Psittacula eupatria,22,train
Psittacula eupatria,23,train
Psittacula eupatria,24,train
Psittacula eupatria,25,train
Psittacula eupatria,26,train
Psittacula eupatria,27,train
Psittacula eupatria,28,test
Psittacula eupatria,3,train
Psittacula eupatria,4,val
Psittacula eupatria,5,test
Psittacula eupatria,6,train
Psittacula eupatria,7,train
Psittacula eupatria,8,val
Psittacula eupatria,9,train
Rimator malacoptilus,1,test
Rimator malacoptilus,10,train
Rimator malacoptilus,11,val
Rimator malacoptilus,12,val
Rimator malacoptilus,13,train
Rimator malacoptilus,14,train
Rimator malacoptilus,15,train
Rimator malacoptilus,16,train
Rimator malacoptilus,17,train
Rimator malacoptilus,18,train
Rimator malacoptilus,19,train
Rimator malacoptilus,2,train
Rimator malacoptilus,20,train
Rimator malacoptilus,3,train
Rimator malacoptilus,4,train
Rimator malacoptilus,5,train
Rimator malacoptilus,6,train
Rimator malacoptilus,7,test
Rimator malacoptilus,8,train
Rimator malacoptilus,9,train
