chunk_id,species,path_16k,keep,notes
Arborophila torqueola_13_c002,Arborophila torqueola,data/chunks_16k/Arborophila torqueola_13_c002.wav,,
Arborophila torqueola_20_c000,Arborophila torqueola,data/chunks_16k/Arborophila torqueola_20_c000.wav,,
Arborophila torqueola_26_c009,Arborophila torqueola,data/chunks_16k/Arborophila torqueola_26_c009.wav,,
Cuculus micropterus_35_c013,Cuculus micropterus,data/chunks_16k/Cuculus micropterus_35_c013.wav,,
Cuculus micropterus_39_c001,Cuculus micropterus,data/chunks_16k/Cuculus micropterus_39_c001.wav,,
Cyornis unicolor_10_c024,Cyornis unicolor,data/chunks_16k/Cyornis unicolor_10_c024.wav,,
Cyornis unicolor_10_c025,Cyornis unicolor,data/chunks_16k/Cyornis unicolor_10_c025.wav,,
Cyornis unicolor_4_c004,Cyornis unicolor,data/chunks_16k/Cyornis unicolor_4_c004.wav,,
Glaucidium cuculoides_21_c006,Glaucidium cuculoides,data/chunks_16k/Glaucidium cuculoides_21_c006.wav,,
Glaucidium cuculoides_39_c002,Glaucidium cuculoides,data/chunks_16k/Glaucidium cuculoides_39_c002.wav,,
Glaucidium cuculoides_8_c001,Glaucidium cuculoides,data/chunks_16k/Glaucidium cuculoides_8_c001.wav,,
Liocichla phoenicea_10_c005,Liocichla phoenicea,data/chunks_16k/Liocichla phoenicea_10_c005.wav,,
Liocichla phoenicea_10_c006,Liocichla phoenicea,data/chunks_16k/Liocichla phoenicea_10_c006.wav,,
Liocichla phoenicea_12_c004,Liocichla phoenicea,data/chunks_16k/Liocichla phoenicea_12_c004.wav,,
Pellorneum ruficeps_102_c012,Pellorneum ruficeps,data/chunks_16k/Pellorneum ruficeps_102_c012.wav,,
Pellorneum ruficeps_23_c002,Pellorneum ruficeps,data/chunks_16k/Pellorneum ruficeps_23_c002.wav,,
Pellorneum ruficeps_25_c000,Pellorneum ruficeps,data/chunks_16k/Pellorneum ruficeps_25_c000.wav,,
Pnoepyga pusilla_24_c001,Pnoepyga pusilla,data/chunks_16k/Pnoepyga pusilla_24_c001.wav,,
Pnoepyga pusilla_4_c002,Pnoepyga pusilla,data/chunks_16k/Pnoepyga pusilla_4_c002.wav,,
Pnoepyga pusilla_9_c004,Pnoepyga pusilla,data/chunks_16k/Pnoepyga pusilla_9_c004.wav,,
Pomatorhinus ruficollis_14_c001,Pomatorhinus ruficollis,data/chunks_16k/Pomatorhinus ruficollis_14_c001.wav,,
Pomatorhinus ruficollis_28_c002,Pomatorhinus ruficollis,data/chunks_16k/Pomatorhinus ruficollis_28_c002.wav,,
Pomatorhinus ruficollis_40_c003,Pomatorhinus ruficollis,data/chunks_16k/Pomatorhinus ruficollis_40_c003.wav,,
Psilopogon lineatus_19_c003,Psilopogon lineatus,data/chunks_16k/Psilopogon lineatus_19_c003.wav,,
Psilopogon lineatus_3_c002,Psilopogon lineatus,data/chunks_16k/Psilopogon lineatus_3_c002.wav,,
Psittacula eupatria_11_c000,Psittacula eupatria,data/chunks_16k/Psittacula eupatria_11_c000.wav,,
Psittacula eupatria_4_c005,Psittacula eupatria,data/chunks_16k/Psittacula eupatria_4_c005.wav,,
Rimator malacoptilus_10_c011,Rimator malacoptilus,data/chunks_16k/Rimator malacoptilus_10_c011.wav,,
Rimator malacoptilus_13_c004,Rimator malacoptilus,data/chunks_16k/Rimator malacoptilus_13_c004.wav,,
Rimator malacoptilus_8_c001,Rimator malacoptilus,data/chunks_16k/Rimator malacoptilus_8_c001.wav,,
